Quadrant,ASN,CC,Cone,Percentile,Name
"Q1: SECURE PROVIDER, SIGNED CUSTOMERS",4809,CN,64883,60.93830446099991,China Telecom Next Generation Carrier Network
"Q1: SECURE PROVIDER, SIGNED CUSTOMERS",34927,CH,34017,61.060244682642136,iFog GmbH
"Q1: SECURE PROVIDER, SIGNED CUSTOMERS",8218,FR,9085,69.42305900621116,Zayo Europe
"Q1: SECURE PROVIDER, SIGNED CUSTOMERS",208972,TR,8210,65.62144601856376,GIBIRNet Iletisim
"Q1: SECURE PROVIDER, SIGNED CUSTOMERS",58057,CH,4502,63.61447674418604,Securebit AG
"Q1: SECURE PROVIDER, SIGNED CUSTOMERS",29075,FR,4143,64.0551194539249,IELO-LIAZO SERVICES SAS
"Q1: SECURE PROVIDER, SIGNED CUSTOMERS",9930,MY,3334,67.32707659115425,TIME dotCom Bhd
"Q1: SECURE PROVIDER, SIGNED CUSTOMERS",50629,DE,993,63.06328600405679,LWLcom GmbH
"Q1: SECURE PROVIDER, SIGNED CUSTOMERS",137409,AU,970,76.05980498374866,GSL Networks Pty LTD
"Q1: SECURE PROVIDER, SIGNED CUSTOMERS",25091,CH,732,63.427171492204906,IP-Max SA
"Q1: SECURE PROVIDER, SIGNED CUSTOMERS",136106,ID,726,83.68474820143885,PT Mega Akses Persada
"Q1: SECURE PROVIDER, SIGNED CUSTOMERS",9583,IN,571,81.60796296296296,Sify Limited
"Q1: SECURE PROVIDER, SIGNED CUSTOMERS",30844,GB,556,63.38315774882173,Liquid Intelligent Technologies 
"Q1: SECURE PROVIDER, SIGNED CUSTOMERS",1221,AU,540,62.79475890985326,Telstra Limited
"Q1: SECURE PROVIDER, SIGNED CUSTOMERS",16276,FR,522,83.92884097035041,OVH SAS
"Q1: SECURE PROVIDER, SIGNED CUSTOMERS",23947,ID,504,78.37330595482547,PT Mora Telematika Indonesia Tbk
"Q1: SECURE PROVIDER, SIGNED CUSTOMERS",9121,TR,483,92.18868312757202,Turk Telekom
"Q1: SECURE PROVIDER, SIGNED CUSTOMERS",17676,JP,439,66.93341288782815,SoftBank Corp.
"Q1: SECURE PROVIDER, SIGNED CUSTOMERS",138840,ID,436,82.78070539419086,PT Parsaoran Global Datatrans
"Q1: SECURE PROVIDER, SIGNED CUSTOMERS",8280,GR,362,84.14436090225564,SYNAPSECOM S.A. Provider of Telecommunications and Internet Services
"Q1: SECURE PROVIDER, SIGNED CUSTOMERS",55720,MY,339,81.91142857142857,Gigabit Hosting Sdn Bhd
"Q1: SECURE PROVIDER, SIGNED CUSTOMERS",49915,GB,327,64.56516516516517,Megaport (UK) Limited
"Q1: SECURE PROVIDER, SIGNED CUSTOMERS",38158,ID,310,87.76136363636364,PT Cyberindo Aditama
"Q1: SECURE PROVIDER, SIGNED CUSTOMERS",7303,AR,295,78.17351351351351,Telecom Argentina S.A.
"Q1: SECURE PROVIDER, SIGNED CUSTOMERS",18403,VN,287,86.55335689045936,FPT Telecom Company
"Q1: SECURE PROVIDER, SIGNED CUSTOMERS",15935,CZ,243,68.5785046728972,ha-vel internet s.r.o.
"Q1: SECURE PROVIDER, SIGNED CUSTOMERS",22927,AR,228,86.77880434782608,Telefonica de Argentina
"Q1: SECURE PROVIDER, SIGNED CUSTOMERS",11664,AR,197,62.26827956989248,Techtel LMDS Comunicaciones Interactivas S.A.
"Q1: SECURE PROVIDER, SIGNED CUSTOMERS",133095,ID,196,91.60885416666667,PT Pusat Fiber Indonesia
"Q1: SECURE PROVIDER, SIGNED CUSTOMERS",58389,ID,194,90.2290476190476,PT Sumber Data Indonesia
"Q1: SECURE PROVIDER, SIGNED CUSTOMERS",150506,ID,179,89.99438775510205,PT Pusat Fiber Indonesia
"Q1: SECURE PROVIDER, SIGNED CUSTOMERS",39392,CZ,171,77.79509202453988,SH.cz s.r.o.
"Q1: SECURE PROVIDER, SIGNED CUSTOMERS",4764,AU,166,75.87888198757764,Aussie Fibre Pty Ltd
"Q1: SECURE PROVIDER, SIGNED CUSTOMERS",3215,FR,148,63.40588235294118,Orange S.A.
"Q1: SECURE PROVIDER, SIGNED CUSTOMERS",16019,CZ,137,86.38943089430896,Vodafone Czech Republic a.s.
"Q1: SECURE PROVIDER, SIGNED CUSTOMERS",45147,ID,133,87.36814814814815,PT NAP Info Lintas Nusa
"Q1: SECURE PROVIDER, SIGNED CUSTOMERS",137366,ID,133,87.28814814814814,PT iForte Solusi Infotek
"Q1: SECURE PROVIDER, SIGNED CUSTOMERS",270735,BR,126,73.24786324786325,COMPUTIZE NETWORK TELECOMUNICACOES LTDA
"Q1: SECURE PROVIDER, SIGNED CUSTOMERS",138128,ID,112,88.34324324324325,PT Solnet Indonesia
"Q1: SECURE PROVIDER, SIGNED CUSTOMERS",41798,KZ,93,60.22150537634408,JSC Transtelecom
"Q1: SECURE PROVIDER, SIGNED CUSTOMERS",40676,US,83,84.37439024390244,Psychz Networks
"Q1: SECURE PROVIDER, SIGNED CUSTOMERS",134654,ID,81,84.17586206896551,PT Data Utama Dinamika
"Q1: SECURE PROVIDER, SIGNED CUSTOMERS",12541,ES,60,67.84310344827587,LYNTIA NETWORKS S.A.
"Q1: SECURE PROVIDER, SIGNED CUSTOMERS",14618,US,55,82.30363636363637,"Amazon.com, Inc."
"Q1: SECURE PROVIDER, SIGNED CUSTOMERS",3249,EE,52,78.07692307692308,Telia Eesti AS
"Q1: SECURE PROVIDER, SIGNED CUSTOMERS",396998,US,51,78.23478260869565,"Path Network, Inc."
"Q1: SECURE PROVIDER, SIGNED CUSTOMERS",45558,MM,49,80.65918367346939,Myanmar Posts and Telecommunications 
"Q1: SECURE PROVIDER, SIGNED CUSTOMERS",13576,US,45,69.77777777777777,SDN Communications
"Q1: SECURE PROVIDER, SIGNED CUSTOMERS",43061,SI,42,87.53809523809524,Stelkom d.o.o.
"Q1: SECURE PROVIDER, SIGNED CUSTOMERS",56258,ID,41,81.38,PT PGAS Telekomunikasi Nusantara
"Q1: SECURE PROVIDER, SIGNED CUSTOMERS",16814,AR,38,81.02765957446809,NSS S.A.
"Q1: SECURE PROVIDER, SIGNED CUSTOMERS",51765,FI,37,91.89189189189189,Oy Crea Nova Hosting Solution Ltd
"Q1: SECURE PROVIDER, SIGNED CUSTOMERS",9268,AU,34,62.06896551724138,Over The Wire Pty Ltd
"Q1: SECURE PROVIDER, SIGNED CUSTOMERS",208293,IQ,33,96.87878787878788,AlSalam State Company
"Q1: SECURE PROVIDER, SIGNED CUSTOMERS",51847,HK,33,66.34166666666667,Nearoute Limited
"Q1: SECURE PROVIDER, SIGNED CUSTOMERS",17476,HK,31,98.7448275862069,CloudRadium (HK) Limited
"Q1: SECURE PROVIDER, SIGNED CUSTOMERS",31313,RO,31,62.903225806451616,Serviciul de Telecomunicatii Speciale
"Q1: SECURE PROVIDER, SIGNED CUSTOMERS",3262,ES,31,62.903225806451616,"SAREnet, S.A."
"Q1: SECURE PROVIDER, SIGNED CUSTOMERS",15296,CA,30,81.65862068965517,Cybera Inc
"Q1: SECURE PROVIDER, SIGNED CUSTOMERS",62403,DE,30,95.46000000000001,PletX GmbH
"Q1: SECURE PROVIDER, SIGNED CUSTOMERS",3329,GR,30,60.0,Vodafone Greece
"Q1: SECURE PROVIDER, SIGNED CUSTOMERS",5408,GR,29,89.28571428571429,National Infrastructures for Research and Technology S.A.
"Q1: SECURE PROVIDER, SIGNED CUSTOMERS",399855,US,28,61.14074074074074,"Keystone REN, LLC"
"Q1: SECURE PROVIDER, SIGNED CUSTOMERS",62206,UA,28,92.58214285714287,Pitline Ltd
"Q1: SECURE PROVIDER, SIGNED CUSTOMERS",8501,PL,27,74.52962962962962,"Institute of Bioorganic Chemistry Polish Academy of Science, Poznan Supercomputing and Networking Center"
"Q1: SECURE PROVIDER, SIGNED CUSTOMERS",13004,RS,27,81.27600000000001,Serbian Open Exchange DOO
"Q1: SECURE PROVIDER, SIGNED CUSTOMERS",59105,JP,27,86.66666666666667,Home NOC Operators Group
"Q1: SECURE PROVIDER, SIGNED CUSTOMERS",14041,US,27,84.23703703703704,University Corporation for Atmospheric Research
"Q1: SECURE PROVIDER, SIGNED CUSTOMERS",15704,ES,26,72.61538461538461,XTRA TELECOM S.A.
"Q1: SECURE PROVIDER, SIGNED CUSTOMERS",47692,AT,25,80.44,Nessus GmbH
"Q1: SECURE PROVIDER, SIGNED CUSTOMERS",40792,US,24,65.332,CYBERVERSE
"Q1: SECURE PROVIDER, SIGNED CUSTOMERS",40581,US,23,75.5391304347826,Arkansas Research and Education Optical Network
"Q1: SECURE PROVIDER, SIGNED CUSTOMERS",33915,NL,23,86.36363636363636,Vodafone Libertel B.V.
"Q1: SECURE PROVIDER, SIGNED CUSTOMERS",198477,GR,23,61.36363636363637,TI SPARKLE GREECE SA
"Q1: SECURE PROVIDER, SIGNED CUSTOMERS",60446,TR,22,97.14285714285714,Datema Bilisim Ticaret Anonim Sirketi
"Q1: SECURE PROVIDER, SIGNED CUSTOMERS",25512,CZ,22,84.21052631578948,CD-Telematika a.s.
"Q1: SECURE PROVIDER, SIGNED CUSTOMERS",45204,MN,21,100.0,GEMNET LLC
"Q1: SECURE PROVIDER, SIGNED CUSTOMERS",393444,US,20,67.24000000000001,Accelecom
"Q1: SECURE PROVIDER, SIGNED CUSTOMERS",42831,GB,20,77.27272727272727,UK Dedicated Servers Limited
"Q2: SIGNED CUSTOMERS, UNSECURED PROVIDER",4837,CN,48116,60.25741722670941,China Unicom Backbone
"Q2: SIGNED CUSTOMERS, UNSECURED PROVIDER",9002,GB,46326,60.580031105561766,RETN Limited
"Q2: SIGNED CUSTOMERS, UNSECURED PROVIDER",33891,DE,36364,63.89776193799223,Core-Backbone GmbH
"Q2: SIGNED CUSTOMERS, UNSECURED PROVIDER",20485,RU,34017,62.28151749960997,TransTeleCom JSC
"Q2: SIGNED CUSTOMERS, UNSECURED PROVIDER",15830,NL,15000,60.4742593358137,"Equinix, Inc."
"Q2: SIGNED CUSTOMERS, UNSECURED PROVIDER",3303,CH,8966,62.931444444444445,Swisscom (Schweiz) AG
"Q2: SIGNED CUSTOMERS, UNSECURED PROVIDER",9498,IN,6974,73.41956587735275,Bharti Airtel Ltd.
"Q2: SIGNED CUSTOMERS, UNSECURED PROVIDER",1103,NL,6347,68.2703645007924,SURF B.V.
"Q2: SIGNED CUSTOMERS, UNSECURED PROVIDER",13030,CH,5181,65.90619111709287,Init7 (Switzerland) Ltd.
"Q2: SIGNED CUSTOMERS, UNSECURED PROVIDER",7713,ID,3221,62.97664993773821,PT Telkom Indonesia Tbk
"Q2: SIGNED CUSTOMERS, UNSECURED PROVIDER",9808,CN,2761,67.82535885167464,China Mobile Backbone
"Q2: SIGNED CUSTOMERS, UNSECURED PROVIDER",5405,DE,2714,70.25018963337547,Inter.link GmbH
"Q2: SIGNED CUSTOMERS, UNSECURED PROVIDER",4755,IN,2482,71.10231092436975,TATA Communications (formerly VSNL)
"Q2: SIGNED CUSTOMERS, UNSECURED PROVIDER",9304,HK,2406,66.72466246624663,HGC Global Communications Limited
"Q2: SIGNED CUSTOMERS, UNSECURED PROVIDER",42708,SE,2169,70.5472485768501,Glesys AB
"Q2: SIGNED CUSTOMERS, UNSECURED PROVIDER",1764,AT,1907,67.75497835497836,Next Layer Telecommunications
"Q2: SIGNED CUSTOMERS, UNSECURED PROVIDER",64073,NZ,1689,69.44836670179136,Vetta Group
"Q2: SIGNED CUSTOMERS, UNSECURED PROVIDER",58717,BD,1293,99.08397515527949,Summit Communications Ltd
"Q2: SIGNED CUSTOMERS, UNSECURED PROVIDER",21859,US,1282,72.2287534121929,Zenlayer Inc
"Q2: SIGNED CUSTOMERS, UNSECURED PROVIDER",14789,US,1197,65.75392523364486,"Cloudflare, Inc."
"Q2: SIGNED CUSTOMERS, UNSECURED PROVIDER",1257,EU,953,64.96851145038168,Tele2 Sverige AB
"Q2: SIGNED CUSTOMERS, UNSECURED PROVIDER",23764,HK,884,64.72728127939794,China Telecom Global
"Q2: SIGNED CUSTOMERS, UNSECURED PROVIDER",3223,GB,744,74.54482269503546,Voxility LLP
"Q2: SIGNED CUSTOMERS, UNSECURED PROVIDER",60068,GB,738,65.74959448499595,Datacamp Limited (CDN77 / DataPacket)
"Q2: SIGNED CUSTOMERS, UNSECURED PROVIDER",23520,US,647,69.37283950617284,"Columbus Networks USA, Inc."
"Q2: SIGNED CUSTOMERS, UNSECURED PROVIDER",4800,ID,630,75.58056478405315,PT Aplikanusa Lintasarta
"Q2: SIGNED CUSTOMERS, UNSECURED PROVIDER",18229,IN,584,93.98590831918507,CtrlS
"Q2: SIGNED CUSTOMERS, UNSECURED PROVIDER",20804,PL,550,60.58847058823529,Exatel S.A.
"Q2: SIGNED CUSTOMERS, UNSECURED PROVIDER",147094,ID,490,89.6955078125,PT Mitra Visioner Pratama
"Q2: SIGNED CUSTOMERS, UNSECURED PROVIDER",8708,RO,459,90.26180904522614,DIGI ROMANIA S.A.
"Q2: SIGNED CUSTOMERS, UNSECURED PROVIDER",10075,BD,428,97.60000000000001,Fiber@Home Global Limited
"Q2: SIGNED CUSTOMERS, UNSECURED PROVIDER",139009,BD,400,98.34876712328767,Windstream Communication Limited
"Q2: SIGNED CUSTOMERS, UNSECURED PROVIDER",55410,IN,374,80.19920212765958,Vodafone Idea Ltd
"Q2: SIGNED CUSTOMERS, UNSECURED PROVIDER",6204,RO,366,72.19635258358663,INTERKVM HOST SRL
"Q2: SIGNED CUSTOMERS, UNSECURED PROVIDER",45820,IN,365,81.82779220779221,Tata Teleservices ISP
"Q2: SIGNED CUSTOMERS, UNSECURED PROVIDER",206499,GB,351,76.52692307692308,LOCIX LIMITED
"Q2: SIGNED CUSTOMERS, UNSECURED PROVIDER",34984,TR,348,91.28757062146893,Superonline Iletisim Hizmetleri A.S.
"Q2: SIGNED CUSTOMERS, UNSECURED PROVIDER",7049,AR,348,83.44338028169014,Silica Networks Argentina S.A.
"Q2: SIGNED CUSTOMERS, UNSECURED PROVIDER",55836,IN,335,77.57938461538463,Reliance Jio Infocomm Limited
"Q2: SIGNED CUSTOMERS, UNSECURED PROVIDER",43298,RU,326,63.226451612903226,Storm Networks LLC
"Q2: SIGNED CUSTOMERS, UNSECURED PROVIDER",35297,UA,317,68.03376205787782,Dataline LLC
"Q2: SIGNED CUSTOMERS, UNSECURED PROVIDER",24785,NL,317,82.36511627906977,Joint Transit (Broadband Hosting B.V.)
"Q2: SIGNED CUSTOMERS, UNSECURED PROVIDER",29119,ES,317,81.56554878048779,AIRE NETWORKS DEL MEDITERRANEO SL UNIPERSONAL
"Q2: SIGNED CUSTOMERS, UNSECURED PROVIDER",54994,CA,295,71.46632653061225,Meteverse Limited
"Q2: SIGNED CUSTOMERS, UNSECURED PROVIDER",139341,SG,277,71.57414330218069,WeChat/QQ CDN
"Q2: SIGNED CUSTOMERS, UNSECURED PROVIDER",58682,BD,269,98.10148148148149,Level3 Carrier Ltd.
"Q2: SIGNED CUSTOMERS, UNSECURED PROVIDER",59796,SK,258,79.91576923076924,StormWall s.r.o.
"Q2: SIGNED CUSTOMERS, UNSECURED PROVIDER",42337,IR,255,89.63960784313727,Respina Networks & Beyond PJSC
"Q2: SIGNED CUSTOMERS, UNSECURED PROVIDER",24429,CN,247,74.44538745387455,Alibaba Cloud
"Q2: SIGNED CUSTOMERS, UNSECURED PROVIDER",12552,SE,243,62.50946502057613,GlobalConnect (IP-Only)
"Q2: SIGNED CUSTOMERS, UNSECURED PROVIDER",35661,FR,242,69.13456790123458,VIRTUA SYSTEMS SAS
"Q2: SIGNED CUSTOMERS, UNSECURED PROVIDER",31027,DK,236,63.825423728813554,GlobalConnect A/S
"Q2: SIGNED CUSTOMERS, UNSECURED PROVIDER",9730,IN,233,85.8978448275862,Bharti Telesonic Ltd
"Q2: SIGNED CUSTOMERS, UNSECURED PROVIDER",6663,RO,218,73.1339534883721,Türk Telekom International
"Q2: SIGNED CUSTOMERS, UNSECURED PROVIDER",9299,PH,215,70.31221719457014,PLDT (Philippine Long Distance Telephone Company)
"Q2: SIGNED CUSTOMERS, UNSECURED PROVIDER",12302,RO,215,74.11441860465118,Vodafone Romania S.A.
"Q2: SIGNED CUSTOMERS, UNSECURED PROVIDER",8717,BG,202,85.83084577114425,A1 Bulgaria EAD
"Q2: SIGNED CUSTOMERS, UNSECURED PROVIDER",17557,PK,202,85.31288888888889,Pakistan Telecommunication Company Limited
"Q2: SIGNED CUSTOMERS, UNSECURED PROVIDER",38195,AU,200,70.1788944723618,Superloop
"Q2: SIGNED CUSTOMERS, UNSECURED PROVIDER",135607,PH,197,91.42009803921569,Infinivan Incorporated
"Q2: SIGNED CUSTOMERS, UNSECURED PROVIDER",199995,UA,196,64.98762886597939,Omega Telecom LLC
"Q2: SIGNED CUSTOMERS, UNSECURED PROVIDER",7717,ID,195,77.07521367521367,OpenIXP Route Servers
"Q2: SIGNED CUSTOMERS, UNSECURED PROVIDER",36236,US,191,69.44867256637168,"NetActuate, Inc"
"Q2: SIGNED CUSTOMERS, UNSECURED PROVIDER",328977,KE,180,69.61958762886599,Wavex Internet Service Provider LTD
"Q2: SIGNED CUSTOMERS, UNSECURED PROVIDER",15924,TR,180,90.56983240223464,Vodafone Turkey
"Q2: SIGNED CUSTOMERS, UNSECURED PROVIDER",57344,BG,178,87.40222222222222,Telehouse EAD
"Q2: SIGNED CUSTOMERS, UNSECURED PROVIDER",4787,ID,175,76.79481865284973,PT Cyberindo Aditama
"Q2: SIGNED CUSTOMERS, UNSECURED PROVIDER",16509,US,175,78.74878048780488,"Amazon.com, Inc."
"Q2: SIGNED CUSTOMERS, UNSECURED PROVIDER",150178,BD,174,97.53103448275863,EXABYTE LTD
"Q2: SIGNED CUSTOMERS, UNSECURED PROVIDER",8866,BG,172,95.76265060240964,Vivacom Bulgaria EAD
"Q2: SIGNED CUSTOMERS, UNSECURED PROVIDER",9009,RO,172,72.7064,M247 Europe SRL
"Q2: SIGNED CUSTOMERS, UNSECURED PROVIDER",24534,ID,170,88.22142857142858,PT Trans Hybrid Communication
"Q2: SIGNED CUSTOMERS, UNSECURED PROVIDER",8455,NL,169,81.61428571428571,atom86 BV
"Q2: SIGNED CUSTOMERS, UNSECURED PROVIDER",9050,RO,167,66.71676646706587,Orange Romania S.A.
"Q2: SIGNED CUSTOMERS, UNSECURED PROVIDER",52361,AR,167,89.80470588235295,ARSAT - Empresa Argentina de Soluciones Satelitales S.A.
"Q2: SIGNED CUSTOMERS, UNSECURED PROVIDER",41327,IT,167,85.93452380952381,Fiber Telecom S.p.A.
"Q2: SIGNED CUSTOMERS, UNSECURED PROVIDER",30781,FR,167,68.29638554216868,Free Pro SAS
"Q2: SIGNED CUSTOMERS, UNSECURED PROVIDER",34224,BG,164,90.10722891566265,Neterra Ltd.
"Q2: SIGNED CUSTOMERS, UNSECURED PROVIDER",5603,SI,164,70.11075949367088,"Telekom Slovenije, d.d."
"Q2: SIGNED CUSTOMERS, UNSECURED PROVIDER",24961,DE,160,67.58951612903226,WIIT AG (fka. myLoc Managed IT AG)
"Q2: SIGNED CUSTOMERS, UNSECURED PROVIDER",12578,LV,160,77.0248275862069,SIA Tet
"Q2: SIGNED CUSTOMERS, UNSECURED PROVIDER",268624,BR,156,60.97560975609756,Gamers Club Ltda
"Q2: SIGNED CUSTOMERS, UNSECURED PROVIDER",4788,MY,152,65.60538461538462,TM Technology Services Sdn. Bhd.
"Q2: SIGNED CUSTOMERS, UNSECURED PROVIDER",45903,VN,150,86.53809523809524,CMC Telecom Infrastructure Company
"Q2: SIGNED CUSTOMERS, UNSECURED PROVIDER",44901,BG,150,89.91691176470589,Belcloud LTD
"Q2: SIGNED CUSTOMERS, UNSECURED PROVIDER",18678,CO,148,65.43240223463688,INTERNEXA S.A. E.S.P
"Q2: SIGNED CUSTOMERS, UNSECURED PROVIDER",64315,ID,141,91.80759493670885,PT Mitra Visioner Pratama
"Q2: SIGNED CUSTOMERS, UNSECURED PROVIDER",17762,IN,141,86.84914285714287,Tata Teleservices Maharashtra Ltd
"Q2: SIGNED CUSTOMERS, UNSECURED PROVIDER",38193,PK,134,80.92573529411764,Transworld Associates (Pvt.) Ltd.
"Q2: SIGNED CUSTOMERS, UNSECURED PROVIDER",49581,DE,132,93.76287878787879,Ferdinand Zink trading as Tube-Hosting
"Q2: SIGNED CUSTOMERS, UNSECURED PROVIDER",58715,BD,131,98.63012048192772,EARTH TELECOMMUNICATION (Pvt) LTD.
"Q2: SIGNED CUSTOMERS, UNSECURED PROVIDER",42020,LB,131,97.86259541984732,OGERO
"Q2: SIGNED CUSTOMERS, UNSECURED PROVIDER",45899,VN,131,77.56011235955057,VNPT Corp
"Q2: SIGNED CUSTOMERS, UNSECURED PROVIDER",58495,ID,130,86.97121212121212,PT Parsaoran Global Datatrans
"Q2: SIGNED CUSTOMERS, UNSECURED PROVIDER",17995,ID,128,64.65909090909092,PT iForte Global Internet
"Q2: SIGNED CUSTOMERS, UNSECURED PROVIDER",17665,IN,124,91.1888888888889,ONEOTT INTERTAINMENT LIMITED
"Q2: SIGNED CUSTOMERS, UNSECURED PROVIDER",55685,ID,124,82.7923076923077,PT Jala Lintas Media
"Q2: SIGNED CUSTOMERS, UNSECURED PROVIDER",44066,DE,124,78.40434782608695,firstcolo GmbH
"Q2: SIGNED CUSTOMERS, UNSECURED PROVIDER",8953,RO,123,74.376,Orange Romania S.A.
"Q2: SIGNED CUSTOMERS, UNSECURED PROVIDER",4775,PH,123,74.46016260162601,Globe Telecoms
"Q2: SIGNED CUSTOMERS, UNSECURED PROVIDER",52320,CO,123,70.792700729927,V.tal (GlobeNet)
"Q2: SIGNED CUSTOMERS, UNSECURED PROVIDER",43754,IR,121,91.53553719008264,Asiatech Data Transmission company
"Q2: SIGNED CUSTOMERS, UNSECURED PROVIDER",31287,BG,118,90.89615384615385,IPACCT CABLE Ltd
"Q2: SIGNED CUSTOMERS, UNSECURED PROVIDER",7552,VN,117,78.90833333333333,Viettel Group
"Q2: SIGNED CUSTOMERS, UNSECURED PROVIDER",138915,HK,110,81.08,Kaopu Cloud HK Limited
"Q2: SIGNED CUSTOMERS, UNSECURED PROVIDER",8434,SE,109,71.53076923076924,Telenor Sverige AB
"Q2: SIGNED CUSTOMERS, UNSECURED PROVIDER",10099,HK,107,82.39555555555556,China Unicom Global
"Q2: SIGNED CUSTOMERS, UNSECURED PROVIDER",6424,PT,106,62.18888888888889,EDGOO NETWORKS
"Q2: SIGNED CUSTOMERS, UNSECURED PROVIDER",28716,IT,105,60.60588235294118,Retelit Digital Services S.p.A.
"Q2: SIGNED CUSTOMERS, UNSECURED PROVIDER",45117,IN,105,86.96074766355142,Ishan Netsol Pvt Ltd
"Q2: SIGNED CUSTOMERS, UNSECURED PROVIDER",34779,SI,104,74.67980769230769,"T-2, d.o.o."
"Q2: SIGNED CUSTOMERS, UNSECURED PROVIDER",9198,KZ,102,63.06078431372549,JSC Kazakhtelecom
"Q2: SIGNED CUSTOMERS, UNSECURED PROVIDER",56630,LT,100,74.31494252873563,Melbikomas UAB
"Q2: SIGNED CUSTOMERS, UNSECURED PROVIDER",6206,NL,100,85.29749999999999,Netrouting B.V.
"Q2: SIGNED CUSTOMERS, UNSECURED PROVIDER",7470,TH,100,77.26400000000001,"TRUE INTERNET Co.,Ltd."
"Q2: SIGNED CUSTOMERS, UNSECURED PROVIDER",39737,RO,99,65.332,Prime Telecom srl
"Q2: SIGNED CUSTOMERS, UNSECURED PROVIDER",17408,TW,99,76.75227272727273,AboveNet Communications Taiwan
"Q2: SIGNED CUSTOMERS, UNSECURED PROVIDER",63927,HK,98,88.70103092783505,RISE
"Q2: SIGNED CUSTOMERS, UNSECURED PROVIDER",39686,NL,96,62.75,Eurofiber Nederland BV
"Q2: SIGNED CUSTOMERS, UNSECURED PROVIDER",15557,FR,94,61.925274725274726,SFR SA
"Q2: SIGNED CUSTOMERS, UNSECURED PROVIDER",63293,US,93,80.3095744680851,Meta (CDN Network)
"Q2: SIGNED CUSTOMERS, UNSECURED PROVIDER",8262,BG,93,81.19397590361446,Evolink EAD
"Q2: SIGNED CUSTOMERS, UNSECURED PROVIDER",58224,IR,93,85.26521739130435,Iran Telecommunication Company PJS
"Q2: SIGNED CUSTOMERS, UNSECURED PROVIDER",5606,RO,92,64.5411111111111,GTS Telecom SRL
"Q2: SIGNED CUSTOMERS, UNSECURED PROVIDER",29802,US,91,71.85591397849463,"HIVELOCITY, Inc."
"Q2: SIGNED CUSTOMERS, UNSECURED PROVIDER",17494,BD,90,96.77045454545454,Bangladesh Telegraph & Telephone Board
"Q2: SIGNED CUSTOMERS, UNSECURED PROVIDER",35168,KZ,90,67.26179775280897,TNS-Plus LLP
"Q2: SIGNED CUSTOMERS, UNSECURED PROVIDER",45458,TH,89,66.78192771084336,SBN-ISP/AWN-ISP and SBN-NIX/AWN-NIX
"Q2: SIGNED CUSTOMERS, UNSECURED PROVIDER",136557,AU,87,85.29638554216868,Host Universal Pty Ltd
"Q2: SIGNED CUSTOMERS, UNSECURED PROVIDER",42473,AT,87,62.19571428571428,Anexia Cloud Solutions GmbH
"Q2: SIGNED CUSTOMERS, UNSECURED PROVIDER",15412,GB,86,75.94098360655737,Flag Telecom UK Limited
"Q2: SIGNED CUSTOMERS, UNSECURED PROVIDER",139057,SG,86,71.56122448979592,Legend Dynasty Pte. Ltd.
"Q2: SIGNED CUSTOMERS, UNSECURED PROVIDER",3573,US,85,62.1780487804878,Accenture LLP
"Q2: SIGNED CUSTOMERS, UNSECURED PROVIDER",55824,IN,85,94.15058823529411,NKN Core Network
"Q2: SIGNED CUSTOMERS, UNSECURED PROVIDER",263703,VE,84,71.65730337078652,VIGINET C.A (vnet)
"Q2: SIGNED CUSTOMERS, UNSECURED PROVIDER",35753,SA,84,66.14939759036145,Etihad Salam Telecom CJSC
"Q2: SIGNED CUSTOMERS, UNSECURED PROVIDER",9829,IN,83,79.79880952380952,BSNL (Bharat Sanchar Nigam Ltd)
"Q2: SIGNED CUSTOMERS, UNSECURED PROVIDER",15802,AE,83,62.77361111111111,Emirates Integrated Telecommunications Company PJSC
"Q2: SIGNED CUSTOMERS, UNSECURED PROVIDER",38731,VN,81,73.6390243902439,Viettel - CHT Company Ltd
"Q2: SIGNED CUSTOMERS, UNSECURED PROVIDER",11014,AR,81,79.69756097560975,Metrotel
"Q2: SIGNED CUSTOMERS, UNSECURED PROVIDER",17451,ID,81,75.85747126436782,Biznet Networks
"Q2: SIGNED CUSTOMERS, UNSECURED PROVIDER",835,CA,79,64.76582278481013,GoCodeIT Inc
"Q2: SIGNED CUSTOMERS, UNSECURED PROVIDER",12735,TR,78,91.95974025974026,TurkNet Iletisim Hizmetleri A.S.
"Q2: SIGNED CUSTOMERS, UNSECURED PROVIDER",35805,GE,76,63.52236842105264,"JSC ""Silknet"""
"Q2: SIGNED CUSTOMERS, UNSECURED PROVIDER",47605,FI,76,62.667142857142856,FNE-Finland Oy
"Q2: SIGNED CUSTOMERS, UNSECURED PROVIDER",57866,NL,76,81.25833333333334,Fusix Networks B.V.
"Q2: SIGNED CUSTOMERS, UNSECURED PROVIDER",8308,PL,75,65.252,NAUKOWA I AKADEMICKA SIEC KOMPUTEROWA - PANSTWOWY INSTYTUT BADAWCZY
"Q2: SIGNED CUSTOMERS, UNSECURED PROVIDER",8903,ES,75,72.4095890410959,LYNTIA NETWORKS S.A.
"Q2: SIGNED CUSTOMERS, UNSECURED PROVIDER",45305,ID,74,81.90259740259741,PT Lintas Data Prima
"Q2: SIGNED CUSTOMERS, UNSECURED PROVIDER",30058,US,74,82.76805555555556,FDCservers.net
"Q2: SIGNED CUSTOMERS, UNSECURED PROVIDER",262589,BR,73,66.3648484848485,SAMM (Internexa)
"Q2: SIGNED CUSTOMERS, UNSECURED PROVIDER",47232,CZ,72,79.65223880597014,ISP Alliance a.s.
"Q2: SIGNED CUSTOMERS, UNSECURED PROVIDER",35625,FR,72,74.565625,Eurofiber France SAS
"Q2: SIGNED CUSTOMERS, UNSECURED PROVIDER",133296,IN,71,79.46338028169014,Web Werks India Pvt. Ltd.
"Q2: SIGNED CUSTOMERS, UNSECURED PROVIDER",2119,NO,71,71.94084507042254,Telenor Norge AS
"Q2: SIGNED CUSTOMERS, UNSECURED PROVIDER",30823,DE,71,94.40882352941175,aurologic GmbH
"Q2: SIGNED CUSTOMERS, UNSECURED PROVIDER",12310,RO,70,69.02,iNES GROUP SRL
"Q2: SIGNED CUSTOMERS, UNSECURED PROVIDER",17439,IN,70,82.93174603174603,NTT Communications India Pvt. Ltd.
"Q2: SIGNED CUSTOMERS, UNSECURED PROVIDER",58212,DE,70,94.28571428571429,dataforest GmbH
"Q2: SIGNED CUSTOMERS, UNSECURED PROVIDER",196844,PL,70,69.02608695652174,"Institute of Bioorganic Chemistry Polish Academy of Science, Poznan Supercomputing and Networking Center"
"Q2: SIGNED CUSTOMERS, UNSECURED PROVIDER",64126,DO,69,60.14349206349207,"DOMINICAN TELECOM PRIME, DTP, S.R.L."
"Q2: SIGNED CUSTOMERS, UNSECURED PROVIDER",9119,SI,69,80.62753623188406,SOFTNET d.o.o.
"Q2: SIGNED CUSTOMERS, UNSECURED PROVIDER",39386,SA,69,61.473913043478255,Saudi Telecom Company JSC
"Q2: SIGNED CUSTOMERS, UNSECURED PROVIDER",4621,TH,68,74.53623188405797,UniNet Thailand
"Q2: SIGNED CUSTOMERS, UNSECURED PROVIDER",47147,AT,68,68.33906250000001,Anexia Cloud Solutions GmbH
"Q2: SIGNED CUSTOMERS, UNSECURED PROVIDER",5483,HU,67,79.18985507246377,Magyar Telekom Plc.
"Q2: SIGNED CUSTOMERS, UNSECURED PROVIDER",17433,HK,67,73.84615384615384,Hytron Network Services Limited
"Q2: SIGNED CUSTOMERS, UNSECURED PROVIDER",3399,SE,66,75.48983050847457,Obenet AB
"Q2: SIGNED CUSTOMERS, UNSECURED PROVIDER",29049,AZ,65,79.96307692307691,Delta Telecom Ltd
"Q2: SIGNED CUSTOMERS, UNSECURED PROVIDER",29208,CZ,65,69.15076923076923,"Quantcom, a.s."
"Q2: SIGNED CUSTOMERS, UNSECURED PROVIDER",24724,PL,64,61.7203125,Atman Sp. z o.o.
"Q2: SIGNED CUSTOMERS, UNSECURED PROVIDER",4651,TH,64,69.37619047619047,The Communications Authority of Thailand (CAT)
"Q2: SIGNED CUSTOMERS, UNSECURED PROVIDER",132770,IN,64,97.4328125,Gazon Communications India Limited
"Q2: SIGNED CUSTOMERS, UNSECURED PROVIDER",8849,LT,63,81.83448275862068,Melbikomas UAB
"Q2: SIGNED CUSTOMERS, UNSECURED PROVIDER",13194,LT,63,75.72131147540983,"UAB ""Bite Lietuva"""
"Q2: SIGNED CUSTOMERS, UNSECURED PROVIDER",263702,CL,63,79.98,GRUPO ZGH SPA
"Q2: SIGNED CUSTOMERS, UNSECURED PROVIDER",3267,RU,63,61.544444444444444,National Research Computer Network of Russia
"Q2: SIGNED CUSTOMERS, UNSECURED PROVIDER",137491,BD,62,95.15483870967742,Peerex Networks Ltd
"Q2: SIGNED CUSTOMERS, UNSECURED PROVIDER",63023,US,61,93.17457627118644,GTHost
"Q2: SIGNED CUSTOMERS, UNSECURED PROVIDER",62610,US,61,93.22033898305085,Zenlayer Inc
"Q2: SIGNED CUSTOMERS, UNSECURED PROVIDER",141137,ID,61,80.07066666666667,PT Media Cepat Indonesia
"Q2: SIGNED CUSTOMERS, UNSECURED PROVIDER",132280,TH,61,70.17333333333333,Symphony Communication (Thailand) PCL.
"Q2: SIGNED CUSTOMERS, UNSECURED PROVIDER",12297,AM,61,90.21803278688525,Telecom Armenia OJSC
"Q2: SIGNED CUSTOMERS, UNSECURED PROVIDER",49800,AM,61,90.76923076923077,GNC-Alfa CJSC
"Q2: SIGNED CUSTOMERS, UNSECURED PROVIDER",3212,SI,61,81.59180327868853,Telemach Slovenija d.o.o.
"Q2: SIGNED CUSTOMERS, UNSECURED PROVIDER",3170,GB,61,77.12033898305086,VeloxServ Communications Ltd
"Q2: SIGNED CUSTOMERS, UNSECURED PROVIDER",14259,CL,61,67.2718309859155,Gtd Internet S.A.
"Q2: SIGNED CUSTOMERS, UNSECURED PROVIDER",58511,AU,60,69.85384615384615,Swoop (Anycast Global Backbone)
"Q2: SIGNED CUSTOMERS, UNSECURED PROVIDER",26042,US,59,75.50327868852459,"FiberState, LLC"
"Q2: SIGNED CUSTOMERS, UNSECURED PROVIDER",35699,ES,59,74.225,Adamo Telecom Iberia S.A.
"Q2: SIGNED CUSTOMERS, UNSECURED PROVIDER",139901,BD,59,97.889010989011,Apple Communication Ltd.
"Q2: SIGNED CUSTOMERS, UNSECURED PROVIDER",35104,KZ,59,60.940677966101696,Jusan Mobile JSC
"Q2: SIGNED CUSTOMERS, UNSECURED PROVIDER",8449,KG,58,82.60000000000001,"""ElCat"" Ltd."
"Q2: SIGNED CUSTOMERS, UNSECURED PROVIDER",9507,AU,58,67.93448275862069,NextHop Pty Ltd
"Q2: SIGNED CUSTOMERS, UNSECURED PROVIDER",58656,BD,57,99.42586206896551,bdHUB Limited
"Q2: SIGNED CUSTOMERS, UNSECURED PROVIDER",41095,GB,57,62.05,IPTP LTD
"Q2: SIGNED CUSTOMERS, UNSECURED PROVIDER",45430,TH,57,80.95428571428572,SBN-IIG/AWN-IIG transit provider
"Q2: SIGNED CUSTOMERS, UNSECURED PROVIDER",8412,AT,57,68.39137931034483,T-Mobile Austria GmbH
"Q2: SIGNED CUSTOMERS, UNSECURED PROVIDER",55818,ID,56,85.02537313432836,Matrix Cable Internet Exchange
"Q2: SIGNED CUSTOMERS, UNSECURED PROVIDER",6774,BE,56,71.15,BICS (Belgacom)
"Q2: SIGNED CUSTOMERS, UNSECURED PROVIDER",3302,IT,56,60.61509433962263,Retelit Digital Services S.p.A.
"Q2: SIGNED CUSTOMERS, UNSECURED PROVIDER",45177,NZ,56,61.037254901960786,Devoli
"Q2: SIGNED CUSTOMERS, UNSECURED PROVIDER",52444,AR,56,95.48771929824562,Pogliotti & Pogliotti Construcciones S.A.
"Q2: SIGNED CUSTOMERS, UNSECURED PROVIDER",135069,NZ,55,73.10363636363635,Feenix Communications Limited
"Q2: SIGNED CUSTOMERS, UNSECURED PROVIDER",4750,TH,55,88.27547169811321,CS LOXINFO PUBLIC COMPANY LIMITED
"Q2: SIGNED CUSTOMERS, UNSECURED PROVIDER",41313,BG,55,71.47551020408163,"""NOVATEL"" EOOD"
"Q2: SIGNED CUSTOMERS, UNSECURED PROVIDER",4780,TW,55,87.75178571428572,Digital United Inc.
"Q2: SIGNED CUSTOMERS, UNSECURED PROVIDER",131111,ID,54,78.602,PT Mora Telematika Indonesia Tbk
"Q2: SIGNED CUSTOMERS, UNSECURED PROVIDER",24875,NL,51,90.69803921568628,NovoServe B.V.
"Q2: SIGNED CUSTOMERS, UNSECURED PROVIDER",27951,CO,51,82.12307692307692,Media Commerce Partners S.A
"Q2: SIGNED CUSTOMERS, UNSECURED PROVIDER",24516,AU,51,73.6,Virtutel Pty Ltd
"Q2: SIGNED CUSTOMERS, UNSECURED PROVIDER",8764,LT,51,60.6686274509804,"Telia Lietuva, AB"
"Q2: SIGNED CUSTOMERS, UNSECURED PROVIDER",55850,NZ,51,82.35384615384615,Mercury NZ Limited
"Q2: SIGNED CUSTOMERS, UNSECURED PROVIDER",26677,CA,51,66.78627450980392,ORION
"Q2: SIGNED CUSTOMERS, UNSECURED PROVIDER",4229,US,50,91.32714285714285,Zenlayer Inc
"Q2: SIGNED CUSTOMERS, UNSECURED PROVIDER",149994,BD,50,94.64489795918368,Rego Communications Ltd
"Q2: SIGNED CUSTOMERS, UNSECURED PROVIDER",2588,LV,50,79.06734693877551,Bite Latvia
"Q2: SIGNED CUSTOMERS, UNSECURED PROVIDER",394684,US,50,66.69833333333334,GOLD DATA USA INC
"Q2: SIGNED CUSTOMERS, UNSECURED PROVIDER",149765,BD,50,99.74901960784314,Coronet Corporation Limited
"Q2: SIGNED CUSTOMERS, UNSECURED PROVIDER",56048,CN,50,65.842,China Mobile Group Beijing Company
"Q2: SIGNED CUSTOMERS, UNSECURED PROVIDER",6768,UA,49,63.724489795918366,"""EUROTELE-PLUS"" LLC"
"Q2: SIGNED CUSTOMERS, UNSECURED PROVIDER",24198,ID,49,94.0,PT Datakom Padma Jaya
"Q2: SIGNED CUSTOMERS, UNSECURED PROVIDER",150748,BD,49,97.05882352941177,Gmax
"Q2: SIGNED CUSTOMERS, UNSECURED PROVIDER",9931,TH,49,68.26599999999999,National Telecom Public Company Limited
"Q2: SIGNED CUSTOMERS, UNSECURED PROVIDER",35200,GB,49,88.14736842105263,TransitX Ltd
"Q2: SIGNED CUSTOMERS, UNSECURED PROVIDER",14593,US,49,76.42125,SpaceX Starlink
"Q2: SIGNED CUSTOMERS, UNSECURED PROVIDER",135718,IN,49,99.67884615384615,DISHAWAVES INFONET PVT. LTD
"Q2: SIGNED CUSTOMERS, UNSECURED PROVIDER",202984,RU,48,66.02499999999999,Team-Host (Chernyshov Aleksandr Aleksandrovich)
"Q2: SIGNED CUSTOMERS, UNSECURED PROVIDER",196925,AZ,48,83.19375000000001,Azertelecom LLC
"Q2: SIGNED CUSTOMERS, UNSECURED PROVIDER",137085,IN,48,83.238,ANONET COMMUNICATIONS PVT LTD
"Q2: SIGNED CUSTOMERS, UNSECURED PROVIDER",44306,HR,48,72.56376811594203,OMONIA d.o.o.
"Q2: SIGNED CUSTOMERS, UNSECURED PROVIDER",135905,VN,48,84.52553191489362,Vietnam P&T
"Q2: SIGNED CUSTOMERS, UNSECURED PROVIDER",12301,HU,48,83.73958333333333,Invitech ICT Services Kft.
"Q2: SIGNED CUSTOMERS, UNSECURED PROVIDER",136334,IN,48,89.35531914893619,Vortex Netsol Private Limited
"Q2: SIGNED CUSTOMERS, UNSECURED PROVIDER",8932,AM,47,83.6872340425532,Ucom CJSC
"Q2: SIGNED CUSTOMERS, UNSECURED PROVIDER",61621,BR,46,61.75,Norte.Net Telecomunicações Ltda
"Q2: SIGNED CUSTOMERS, UNSECURED PROVIDER",6205,TR,46,95.64347826086957,HizliNet Teknoloji A.S.
"Q2: SIGNED CUSTOMERS, UNSECURED PROVIDER",134823,TW,46,83.6734693877551,"Sky Digital Co., Ltd."
"Q2: SIGNED CUSTOMERS, UNSECURED PROVIDER",8926,MD,45,77.73555555555555,Moldtelecom SA
"Q2: SIGNED CUSTOMERS, UNSECURED PROVIDER",23688,BD,45,100.0,Link3 Technologies Ltd.
"Q2: SIGNED CUSTOMERS, UNSECURED PROVIDER",270158,MX,45,79.65128205128205,Wantelco SAS de CV
"Q2: SIGNED CUSTOMERS, UNSECURED PROVIDER",9924,TW,44,84.416,"Taiwan Fixed Network, Telco and Network Service Provider."
"Q2: SIGNED CUSTOMERS, UNSECURED PROVIDER",203446,DE,43,76.74418604651163,SMARTNET Germany GmbH
"Q2: SIGNED CUSTOMERS, UNSECURED PROVIDER",36352,US,43,76.53255813953487,HostPapa
"Q2: SIGNED CUSTOMERS, UNSECURED PROVIDER",138997,HK,42,85.71428571428571,Eons Data Communications Limited
"Q2: SIGNED CUSTOMERS, UNSECURED PROVIDER",28458,MX,42,66.54146341463414,IENTC Telecom
"Q2: SIGNED CUSTOMERS, UNSECURED PROVIDER",49981,NL,42,98.0952380952381,WorldStream B.V.
"Q2: SIGNED CUSTOMERS, UNSECURED PROVIDER",140641,IN,42,85.02142857142857,YOTTA NETWORK SERVICES PRIVATE LIMITED
"Q2: SIGNED CUSTOMERS, UNSECURED PROVIDER",394177,US,41,78.5375,Shift Hosting LLC
"Q2: SIGNED CUSTOMERS, UNSECURED PROVIDER",6667,FI,41,64.92926829268293,Elisa Oyj
"Q2: SIGNED CUSTOMERS, UNSECURED PROVIDER",62000,FR,41,80.50833333333334,SERVERD SAS
"Q2: SIGNED CUSTOMERS, UNSECURED PROVIDER",49100,IR,41,89.99756097560976,Pishgaman Toseeh Ertebatat Company (Private Joint Stock)
"Q2: SIGNED CUSTOMERS, UNSECURED PROVIDER",212330,IQ,41,99.92857142857143,"Civilisation Information Technology, communication and internet services Co., LTD"
"Q2: SIGNED CUSTOMERS, UNSECURED PROVIDER",15440,LT,41,77.82682926829268,"UAB ""Baltnetos komunikacijos"""
"Q2: SIGNED CUSTOMERS, UNSECURED PROVIDER",5610,CZ,40,78.78627450980392,"O2 Czech Republic, a.s."
"Q2: SIGNED CUSTOMERS, UNSECURED PROVIDER",13249,UA,40,60.89767441860465,"PRIVATE JOINT STOCK COMPANY ""DATAGROUP"""
"Q2: SIGNED CUSTOMERS, UNSECURED PROVIDER",49600,ES,40,78.9575,"NEAR IP, S.L."
"Q2: SIGNED CUSTOMERS, UNSECURED PROVIDER",6799,GR,40,70.2775,Ote SA (Hellenic Telecommunications Organisation)
"Q2: SIGNED CUSTOMERS, UNSECURED PROVIDER",34250,UZ,39,66.33589743589745,Uzbektelekom (UzPAK)
"Q2: SIGNED CUSTOMERS, UNSECURED PROVIDER",63199,US,38,89.64054054054054,"CDS Global Cloud Co., Ltd"
"Q2: SIGNED CUSTOMERS, UNSECURED PROVIDER",38264,PK,38,75.87894736842105,Wateen Telecom
"Q2: SIGNED CUSTOMERS, UNSECURED PROVIDER",151690,IN,38,96.14871794871796,FAB FIVE NETWORK PRIVATE LIMITED
"Q2: SIGNED CUSTOMERS, UNSECURED PROVIDER",58678,IN,38,97.39714285714285,Intech Online Private Limited
"Q2: SIGNED CUSTOMERS, UNSECURED PROVIDER",216211,US,38,71.36666666666667,CYBERVERSE LLC
"Q2: SIGNED CUSTOMERS, UNSECURED PROVIDER",24940,DE,38,79.98461538461538,Hetzner Online GmbH
"Q2: SIGNED CUSTOMERS, UNSECURED PROVIDER",55330,AF,38,76.94473684210527,Afghan Telecom
"Q2: SIGNED CUSTOMERS, UNSECURED PROVIDER",9902,KH,37,86.08055555555556,NTC Neocom
"Q2: SIGNED CUSTOMERS, UNSECURED PROVIDER",9658,PH,37,68.06486486486487,"Eastern Telecommunications Philippines, Inc."
"Q2: SIGNED CUSTOMERS, UNSECURED PROVIDER",132215,IN,37,83.01081081081081,Powergrid Teleservices Limited
"Q2: SIGNED CUSTOMERS, UNSECURED PROVIDER",23470,US,37,86.75675675675676,ReliableSite.Net LLC
"Q2: SIGNED CUSTOMERS, UNSECURED PROVIDER",58945,BD,37,97.29729729729729,Virgo Communication Ltd
"Q2: SIGNED CUSTOMERS, UNSECURED PROVIDER",6866,CY,37,81.51351351351352,Cyprus Telecommunications Authority
"Q2: SIGNED CUSTOMERS, UNSECURED PROVIDER",45352,MY,37,66.27105263157895,IP ServerOne Solutions Sdn. Bhd.
"Q2: SIGNED CUSTOMERS, UNSECURED PROVIDER",27947,EC,37,77.63157894736842,Telconet S.A
"Q2: SIGNED CUSTOMERS, UNSECURED PROVIDER",45629,TH,36,82.90277777777777,JasTel Network International Gateway
"Q2: SIGNED CUSTOMERS, UNSECURED PROVIDER",20771,GE,36,68.82777777777778,Caucasus Online Ltd.
"Q2: SIGNED CUSTOMERS, UNSECURED PROVIDER",12849,IL,36,62.84722222222222,Hot-Net internet services Ltd.
"Q2: SIGNED CUSTOMERS, UNSECURED PROVIDER",17501,NP,36,95.63611111111112,WorldLink Communications Pvt Ltd
"Q2: SIGNED CUSTOMERS, UNSECURED PROVIDER",24323,BD,35,99.30555555555556,aamra networks limited
"Q2: SIGNED CUSTOMERS, UNSECURED PROVIDER",21013,AT,35,68.46000000000001,eww ag
"Q2: SIGNED CUSTOMERS, UNSECURED PROVIDER",138423,PK,35,93.99714285714286,CMPak Limited
"Q2: SIGNED CUSTOMERS, UNSECURED PROVIDER",263774,AR,35,90.0,MARANDU COMUNICACIONES SOCIEDAD DEL ESTADO
"Q2: SIGNED CUSTOMERS, UNSECURED PROVIDER",61049,GB,35,72.23333333333333,Exascale Ltd
"Q2: SIGNED CUSTOMERS, UNSECURED PROVIDER",263238,EC,35,81.57894736842105,Eliana Vanessa Morocho Oña
"Q2: SIGNED CUSTOMERS, UNSECURED PROVIDER",146788,CN,35,88.94285714285714,"China Broadcasting Network Co., Ltd"
"Q2: SIGNED CUSTOMERS, UNSECURED PROVIDER",45474,SG,35,75.87894736842105,Nexusguard Pte. Ltd.
"Q2: SIGNED CUSTOMERS, UNSECURED PROVIDER",28725,CZ,34,64.70588235294117,CETIN a.s.
"Q2: SIGNED CUSTOMERS, UNSECURED PROVIDER",45274,NP,34,96.47058823529412,WorldLink International Transit Services
"Q2: SIGNED CUSTOMERS, UNSECURED PROVIDER",17621,CN,34,63.315909090909095,China Unicom Shanghai network
"Q2: SIGNED CUSTOMERS, UNSECURED PROVIDER",35133,NL,34,94.23076923076923,Eranium B.V.
"Q2: SIGNED CUSTOMERS, UNSECURED PROVIDER",328748,ZA,34,63.6625,Agile Solutions Provider (PTY) LTD
"Q2: SIGNED CUSTOMERS, UNSECURED PROVIDER",49127,NL,33,71.875,Asimo Networks B.V.
"Q2: SIGNED CUSTOMERS, UNSECURED PROVIDER",63961,BD,33,97.72727272727273,Bangladesh Research and Education Network (BdREN)
"Q2: SIGNED CUSTOMERS, UNSECURED PROVIDER",4213,US,33,61.8939393939394,Krypt Technologies
"Q2: SIGNED CUSTOMERS, UNSECURED PROVIDER",48648,UA,33,90.97878787878788,K-Link LLC
"Q2: SIGNED CUSTOMERS, UNSECURED PROVIDER",1136,NL,33,66.49666666666667,KPN B.V.
"Q2: SIGNED CUSTOMERS, UNSECURED PROVIDER",133720,IN,33,97.97878787878788,Zess Networks Private Limited
"Q2: SIGNED CUSTOMERS, UNSECURED PROVIDER",24400,CN,33,66.828125,"Shanghai Mobile Communications Co.,Ltd."
"Q2: SIGNED CUSTOMERS, UNSECURED PROVIDER",9505,TW,33,70.1,Taiwan Internet Gateway
"Q2: SIGNED CUSTOMERS, UNSECURED PROVIDER",42739,PL,33,69.34375,Hawe Telekom S.A.
"Q2: SIGNED CUSTOMERS, UNSECURED PROVIDER",21283,SI,33,74.19354838709677,A1 Slovenija d.d.
"Q2: SIGNED CUSTOMERS, UNSECURED PROVIDER",38235,KH,32,90.66875,ANGKOR DATA COMMUNICATION
"Q2: SIGNED CUSTOMERS, UNSECURED PROVIDER",19114,EC,32,86.96666666666667,Otecel S.A.
"Q2: SIGNED CUSTOMERS, UNSECURED PROVIDER",3342,DK,32,66.88125,Cibicom A/S
"Q2: SIGNED CUSTOMERS, UNSECURED PROVIDER",29278,HU,32,81.33749999999999,Rackhost Zrt.
"Q2: SIGNED CUSTOMERS, UNSECURED PROVIDER",262186,CO,32,74.11935483870967,TV AZTECA SUCURSAL COLOMBIA
"Q2: SIGNED CUSTOMERS, UNSECURED PROVIDER",208905,IL,32,72.36875,Exelera Telecom Ltd
"Q2: SIGNED CUSTOMERS, UNSECURED PROVIDER",38008,HK,31,72.57228070175438,Aperture Science Limited
"Q2: SIGNED CUSTOMERS, UNSECURED PROVIDER",141731,BD,31,99.86129032258064,Max Hub Limited
"Q2: SIGNED CUSTOMERS, UNSECURED PROVIDER",63956,AU,31,75.86451612903227,5G NETWORK OPERATIONS PTY LTD
"Q2: SIGNED CUSTOMERS, UNSECURED PROVIDER",15576,CH,31,96.41612903225807,NTS workspace AG
"Q2: SIGNED CUSTOMERS, UNSECURED PROVIDER",20207,AR,31,86.8741935483871,Gigared S.A.
"Q2: SIGNED CUSTOMERS, UNSECURED PROVIDER",133524,MM,31,79.72333333333333,"Global Technology Co., Ltd."
"Q2: SIGNED CUSTOMERS, UNSECURED PROVIDER",4768,NZ,31,84.38064516129033,One New Zealand Group Limited
"Q2: SIGNED CUSTOMERS, UNSECURED PROVIDER",16302,FI,31,61.26451612903226,Suomi Communications Oy
"Q2: SIGNED CUSTOMERS, UNSECURED PROVIDER",15836,MD,31,66.45161290322581,Arax-Impex s.r.l.
"Q2: SIGNED CUSTOMERS, UNSECURED PROVIDER",9136,DE,30,86.85925925925925,WOBCOM GmbH
"Q2: SIGNED CUSTOMERS, UNSECURED PROVIDER",16010,GE,30,60.553333333333335,Magticom Ltd.
"Q2: SIGNED CUSTOMERS, UNSECURED PROVIDER",4007,NP,30,95.45454545454545,"Subisu Cablenet (Pvt) Ltd, Baluwatar, Kathmandu, Nepal"
"Q2: SIGNED CUSTOMERS, UNSECURED PROVIDER",206810,RU,29,71.83793103448276,"GUP DNR ""UGLETELECOM"""
"Q2: SIGNED CUSTOMERS, UNSECURED PROVIDER",61512,PY,29,83.82413793103447,GIG@NET SOCIEDAD ANONIMA
"Q2: SIGNED CUSTOMERS, UNSECURED PROVIDER",58299,CH,29,80.76923076923077,Openfactory GmbH
"Q2: SIGNED CUSTOMERS, UNSECURED PROVIDER",141642,ID,29,96.66666666666667,PT Ring Media Nusantara
"Q2: SIGNED CUSTOMERS, UNSECURED PROVIDER",55666,ID,29,86.20689655172414,PT Media Sarana Data
"Q2: SIGNED CUSTOMERS, UNSECURED PROVIDER",25184,IR,29,89.65517241379311,Afranet
"Q2: SIGNED CUSTOMERS, UNSECURED PROVIDER",61231,GB,29,64.82758620689656,Neos Networks (SSE PLC)
"Q2: SIGNED CUSTOMERS, UNSECURED PROVIDER",29467,LU,29,90.34482758620689,LUXNETWORK S.A.
"Q2: SIGNED CUSTOMERS, UNSECURED PROVIDER",55256,US,29,70.5,Netskope Inc
"Q2: SIGNED CUSTOMERS, UNSECURED PROVIDER",61599,BR,29,63.63636363636363,EAI TELECOMUNICACOES LTDA
"Q2: SIGNED CUSTOMERS, UNSECURED PROVIDER",53427,US,28,69.32142857142857,TGLOBAL NETWORKS
"Q2: SIGNED CUSTOMERS, UNSECURED PROVIDER",397423,US,28,76.86296296296297,Tier.Net Technologies LLC
"Q2: SIGNED CUSTOMERS, UNSECURED PROVIDER",12843,DE,28,83.70370370370371,TelemaxX Telekommunikation GmbH
"Q2: SIGNED CUSTOMERS, UNSECURED PROVIDER",140570,HK,28,76.01785714285714,Hong Kong Beecloud System Technology Services Limited
"Q2: SIGNED CUSTOMERS, UNSECURED PROVIDER",21826,VE,28,78.39629629629628,Corporación Telemic C.A. (Inter)
"Q2: SIGNED CUSTOMERS, UNSECURED PROVIDER",2603,DK,28,69.725,NORDUnet
"Q2: SIGNED CUSTOMERS, UNSECURED PROVIDER",38182,MY,28,66.248,Extreme Broadband
"Q2: SIGNED CUSTOMERS, UNSECURED PROVIDER",197071,DE,27,90.74074074074075,active 1 GmbH
"Q2: SIGNED CUSTOMERS, UNSECURED PROVIDER",38082,TH,27,94.4,"True International Gateway Co., Ltd."
"Q2: SIGNED CUSTOMERS, UNSECURED PROVIDER",25400,NO,27,80.76923076923077,Telia Norge AS
"Q2: SIGNED CUSTOMERS, UNSECURED PROVIDER",680,DE,27,63.96666666666666,Deutsches Forschungsnetz (DFN)
"Q2: SIGNED CUSTOMERS, UNSECURED PROVIDER",265377,BR,27,75.92592592592592,FLASH NET TELECOMUNICACOES LTDA - ME
"Q2: SIGNED CUSTOMERS, UNSECURED PROVIDER",39801,FR,27,83.65238095238095,France-IX L3 Services
"Q2: SIGNED CUSTOMERS, UNSECURED PROVIDER",64302,ID,27,65.08095238095238,IDREN - Indonesia Research and Education Network
"Q2: SIGNED CUSTOMERS, UNSECURED PROVIDER",9125,RS,27,71.42857142857143,Orion telekom d.o.o.
"Q2: SIGNED CUSTOMERS, UNSECURED PROVIDER",55821,PH,27,75.35384615384615,"RADIUS TELECOMS, INC."
"Q2: SIGNED CUSTOMERS, UNSECURED PROVIDER",25369,GB,27,79.668,Hydra Communications Ltd
"Q2: SIGNED CUSTOMERS, UNSECURED PROVIDER",983,US,27,73.07692307692308,Akari Networks LLC
"Q2: SIGNED CUSTOMERS, UNSECURED PROVIDER",11556,PA,27,74.53703703703704,Cable & Wireless Panama
"Q2: SIGNED CUSTOMERS, UNSECURED PROVIDER",55352,IN,27,95.8851851851852,Microscan Internet Limited
"Q2: SIGNED CUSTOMERS, UNSECURED PROVIDER",133001,IN,27,99.2551724137931,Airnet Cable And Datacom Pvt Ltd
"Q2: SIGNED CUSTOMERS, UNSECURED PROVIDER",398465,US,27,81.91111111111111,Rackdog LLC
"Q2: SIGNED CUSTOMERS, UNSECURED PROVIDER",42,US,26,72.0,"WoodyNet, Inc."
"Q2: SIGNED CUSTOMERS, UNSECURED PROVIDER",45650,NP,26,96.15384615384616,VIA NET COMMUNICATION LTD.
"Q2: SIGNED CUSTOMERS, UNSECURED PROVIDER",396356,US,26,87.09677419354838,Latitude.sh
"Q2: SIGNED CUSTOMERS, UNSECURED PROVIDER",212477,NL,26,82.96785714285714,RoyaleHosting B.V.
"Q2: SIGNED CUSTOMERS, UNSECURED PROVIDER",24173,VN,26,63.46153846153846,Netnam Company
"Q2: SIGNED CUSTOMERS, UNSECURED PROVIDER",8674,SE,26,72.75625,Netnod AB
"Q2: SIGNED CUSTOMERS, UNSECURED PROVIDER",12615,BG,26,84.97777777777777,Global Communication Net Plc
"Q2: SIGNED CUSTOMERS, UNSECURED PROVIDER",19318,US,26,96.29629629629629,"Interserver, Inc"
"Q2: SIGNED CUSTOMERS, UNSECURED PROVIDER",9129,ZA,26,72.65,MTN Business Kenya
"Q2: SIGNED CUSTOMERS, UNSECURED PROVIDER",58470,PK,26,89.39999999999999,Jazz Pakistan
"Q2: SIGNED CUSTOMERS, UNSECURED PROVIDER",136168,MM,26,87.3258064516129,Campana MYTHIC Co. Ltd.
"Q2: SIGNED CUSTOMERS, UNSECURED PROVIDER",51346,TJ,25,60.0,"Opened Joint Stock Company ""Tojiktelecom"""
"Q2: SIGNED CUSTOMERS, UNSECURED PROVIDER",2852,CZ,25,72.688,CESNET z.s.p.o.
"Q2: SIGNED CUSTOMERS, UNSECURED PROVIDER",12975,PS,25,65.66296296296296,Palestine Telecommunications Company (PALTEL)
"Q2: SIGNED CUSTOMERS, UNSECURED PROVIDER",42313,AL,25,73.332,ONE ALBANIA SH.A.
"Q2: SIGNED CUSTOMERS, UNSECURED PROVIDER",25454,MD,25,67.3076923076923,Orange Moldova S.A.
"Q2: SIGNED CUSTOMERS, UNSECURED PROVIDER",14080,CO,25,71.684,Telmex Colombia S.A.
"Q2: SIGNED CUSTOMERS, UNSECURED PROVIDER",141898,ID,25,76.0,PT Milenial Inti Telekomunikasi
"Q2: SIGNED CUSTOMERS, UNSECURED PROVIDER",35432,CY,25,64.728,Cablenet Communication Systems plc
"Q2: SIGNED CUSTOMERS, UNSECURED PROVIDER",61138,US,25,62.5,Zappie Host LLC
"Q2: SIGNED CUSTOMERS, UNSECURED PROVIDER",38203,BD,25,100.0,ADN Telecom Ltd.
"Q2: SIGNED CUSTOMERS, UNSECURED PROVIDER",28910,UZ,25,67.98,"""Uzbektelekom"" Joint Stock Company"
"Q2: SIGNED CUSTOMERS, UNSECURED PROVIDER",15169,US,25,90.9090909090909,Google LLC
"Q2: SIGNED CUSTOMERS, UNSECURED PROVIDER",150279,ID,24,89.07931034482759,PT Lintas Network Solusi
"Q2: SIGNED CUSTOMERS, UNSECURED PROVIDER",9230,BD,24,100.0,Bangladesh Online Ltd.
"Q2: SIGNED CUSTOMERS, UNSECURED PROVIDER",51074,IR,24,94.44583333333333,GOSTARESH-E-ERTEBATAT-E MABNA COMPANY (Private Joint Stock)
"Q2: SIGNED CUSTOMERS, UNSECURED PROVIDER",8517,TR,24,83.79583333333333,National Academic Network and Information Center
"Q2: SIGNED CUSTOMERS, UNSECURED PROVIDER",199081,GR,24,91.30434782608695,Lancom Ltd.
"Q2: SIGNED CUSTOMERS, UNSECURED PROVIDER",12189,US,24,94.35416666666667,PhoenixNAP LLC
"Q2: SIGNED CUSTOMERS, UNSECURED PROVIDER",17806,BD,24,95.31785714285715,Mango Teleservices
"Q2: SIGNED CUSTOMERS, UNSECURED PROVIDER",31376,RU,24,68.05833333333334,Smart Telecom Limited
"Q2: SIGNED CUSTOMERS, UNSECURED PROVIDER",135377,HK,24,93.652,UCLOUD INFORMATION TECHNOLOGY (HK) LIMITED
"Q2: SIGNED CUSTOMERS, UNSECURED PROVIDER",3462,TW,24,87.72727272727273,HiNet (Chunghwa Telecom)
"Q2: SIGNED CUSTOMERS, UNSECURED PROVIDER",24631,IR,24,90.83333333333333,Tose'h Fanavari Ertebabat Pasargad Arian Co. PJS
"Q2: SIGNED CUSTOMERS, UNSECURED PROVIDER",12387,CH,24,80.0,TON Total optical Networks AG
"Q2: SIGNED CUSTOMERS, UNSECURED PROVIDER",62240,GB,24,92.85714285714286,Clouvider Limited
"Q2: SIGNED CUSTOMERS, UNSECURED PROVIDER",46475,US,24,85.20357142857142,"Limestone Networks, Inc."
"Q2: SIGNED CUSTOMERS, UNSECURED PROVIDER",44592,NL,24,87.5,SkyLink Data Center BV
"Q2: SIGNED CUSTOMERS, UNSECURED PROVIDER",47794,SA,24,83.33333333333333,Etihad GO Company For communications
"Q2: SIGNED CUSTOMERS, UNSECURED PROVIDER",21433,GB,23,93.82105263157894,Accenture UK Limited
"Q2: SIGNED CUSTOMERS, UNSECURED PROVIDER",205132,BG,23,100.0,Vivacom Bulgaria EAD
"Q2: SIGNED CUSTOMERS, UNSECURED PROVIDER",56595,GB,23,61.44782608695652,Commsworld Ltd
"Q2: SIGNED CUSTOMERS, UNSECURED PROVIDER",56911,IT,23,89.45217391304348,Warian S.R.L.
"Q2: SIGNED CUSTOMERS, UNSECURED PROVIDER",396986,US,23,71.21,"Bytedance, Inc. (TikTok)"
"Q2: SIGNED CUSTOMERS, UNSECURED PROVIDER",48422,UA,23,70.9590909090909,IT-STARCOM LLC
"Q2: SIGNED CUSTOMERS, UNSECURED PROVIDER",24088,VN,23,89.1304347826087,Hanoi Telecom Joint Stock Company - HCMC Branch
"Q2: SIGNED CUSTOMERS, UNSECURED PROVIDER",24186,IN,23,90.0391304347826,RailTel Corporation of India Ltd
"Q2: SIGNED CUSTOMERS, UNSECURED PROVIDER",51088,NL,23,95.25652173913043,A2B IP B.V.
"Q2: SIGNED CUSTOMERS, UNSECURED PROVIDER",133385,MM,23,92.5653846153846,Atom Myanmar Limited
"Q2: SIGNED CUSTOMERS, UNSECURED PROVIDER",27988,AR,23,85.49130434782609,Servicios y Telecomunicaciones S.A.
"Q2: SIGNED CUSTOMERS, UNSECURED PROVIDER",32425,US,23,63.17391304347826,Pixel Factory
"Q2: SIGNED CUSTOMERS, UNSECURED PROVIDER",31549,IR,23,91.30434782608695,Aria Shatel PJSC
"Q2: SIGNED CUSTOMERS, UNSECURED PROVIDER",55329,KH,23,91.015,Telcotech Ltd.
"Q2: SIGNED CUSTOMERS, UNSECURED PROVIDER",8637,ES,22,93.18095238095238,"SpainWISP, S.L."
"Q2: SIGNED CUSTOMERS, UNSECURED PROVIDER",53587,US,22,96.61818181818184,"AZURE TECHNOLOGY CO., LIMITED"
"Q2: SIGNED CUSTOMERS, UNSECURED PROVIDER",39122,IE,22,90.71818181818182,Blacknight Internet Solutions Limited
"Q2: SIGNED CUSTOMERS, UNSECURED PROVIDER",8048,VE,22,84.78181818181818,"CANTV Servicios, Venezuela"
"Q2: SIGNED CUSTOMERS, UNSECURED PROVIDER",51396,DE,22,72.72727272727273,Pfcloud UG (haftungsbeschrankt)
"Q2: SIGNED CUSTOMERS, UNSECURED PROVIDER",24514,MY,22,68.20476190476191,MINISTRY OF HIGHER EDUCATION MALAYSIA
"Q2: SIGNED CUSTOMERS, UNSECURED PROVIDER",203214,IQ,22,90.53181818181818,Hulum Almustakbal Company
"Q2: SIGNED CUSTOMERS, UNSECURED PROVIDER",23961,US,22,60.869565217391305,"Misaka Network, Inc."
"Q2: SIGNED CUSTOMERS, UNSECURED PROVIDER",23956,BD,22,100.0,AmberIT Limited
"Q2: SIGNED CUSTOMERS, UNSECURED PROVIDER",6736,IR,22,69.11363636363636,Institute for Research in Fundamental Sciences
"Q2: SIGNED CUSTOMERS, UNSECURED PROVIDER",9723,AU,22,77.25909090909092,iseek Communications Pty Ltd
"Q2: SIGNED CUSTOMERS, UNSECURED PROVIDER",376,CA,22,81.77272727272727,Reseau d'Informations Scientifiques du Quebec (RISQ Inc.)
"Q2: SIGNED CUSTOMERS, UNSECURED PROVIDER",38758,ID,22,84.85000000000001,PT Hipernet Indodata
"Q2: SIGNED CUSTOMERS, UNSECURED PROVIDER",20712,GB,22,61.904761904761905,Andrews & Arnold Ltd
"Q2: SIGNED CUSTOMERS, UNSECURED PROVIDER",57043,NL,22,92.67916666666667,HOSTKEY B.V.
"Q2: SIGNED CUSTOMERS, UNSECURED PROVIDER",135636,ID,22,88.8875,PT RackH Lintas Asia
"Q2: SIGNED CUSTOMERS, UNSECURED PROVIDER",262342,BR,22,60.31904761904762,WZNET TELECOM LTDA
"Q2: SIGNED CUSTOMERS, UNSECURED PROVIDER",8758,CH,22,100.0,Iway AG
"Q2: SIGNED CUSTOMERS, UNSECURED PROVIDER",43733,AM,22,91.96818181818182,Viva Armenia CJSC
"Q2: SIGNED CUSTOMERS, UNSECURED PROVIDER",59900,BG,21,92.7909090909091,B-IX Route Servers
"Q2: SIGNED CUSTOMERS, UNSECURED PROVIDER",133275,IN,21,89.52380952380952,Gigantic Infotel Pvt Ltd
"Q2: SIGNED CUSTOMERS, UNSECURED PROVIDER",6846,UA,21,66.51904761904763,"Joint Ukrainan-German Enterprise ""INFOCOM"" LLC"
"Q2: SIGNED CUSTOMERS, UNSECURED PROVIDER",27717,VE,21,81.5904761904762,Corporacion Digitel C.A.
"Q2: SIGNED CUSTOMERS, UNSECURED PROVIDER",264996,BR,21,75.0,SERVLINK TELECOM LTDA - ME
"Q2: SIGNED CUSTOMERS, UNSECURED PROVIDER",136255,MM,21,79.89259259259259,Mytel Myanmar
"Q2: SIGNED CUSTOMERS, UNSECURED PROVIDER",265080,BR,21,81.66499999999999,AD TELECOM
"Q2: SIGNED CUSTOMERS, UNSECURED PROVIDER",57630,SE,21,61.62380952380952,84 Grams AB
"Q2: SIGNED CUSTOMERS, UNSECURED PROVIDER",33185,CA,21,75.0,Hive Data Center Inc.
"Q2: SIGNED CUSTOMERS, UNSECURED PROVIDER",17625,IN,21,83.33333333333333,BlazeNet's Network
"Q2: SIGNED CUSTOMERS, UNSECURED PROVIDER",263482,BR,21,82.3529411764706,Megalink Servicos Ltda
"Q2: SIGNED CUSTOMERS, UNSECURED PROVIDER",146943,IN,21,95.84285714285713,Tier 4 Cloud Services
"Q2: SIGNED CUSTOMERS, UNSECURED PROVIDER",553,DE,21,79.26666666666668,BelWü
"Q2: SIGNED CUSTOMERS, UNSECURED PROVIDER",56040,CN,21,67.36666666666667,China Mobile Group GuangDong Company
"Q2: SIGNED CUSTOMERS, UNSECURED PROVIDER",132116,IN,21,82.5,Anonet Network Private Limited
"Q2: SIGNED CUSTOMERS, UNSECURED PROVIDER",263047,BR,21,62.84736842105263,CORP BR TELECOMUNICACOES LTDA -  LINK FULL
"Q2: SIGNED CUSTOMERS, UNSECURED PROVIDER",18002,IN,21,80.95238095238095,World Phone Internet Services Pvt. Ltd
"Q2: SIGNED CUSTOMERS, UNSECURED PROVIDER",43766,SA,21,70.06666666666668,Zain Saudi Arabia
"Q2: SIGNED CUSTOMERS, UNSECURED PROVIDER",17497,HK,20,100.0,Liasail Global Hongkong Limited
"Q2: SIGNED CUSTOMERS, UNSECURED PROVIDER",34177,FR,20,66.935,Celeste SAS
"Q2: SIGNED CUSTOMERS, UNSECURED PROVIDER",133676,IN,20,91.57,Precious netcom pvt ltd
"Q2: SIGNED CUSTOMERS, UNSECURED PROVIDER",266725,AR,20,88.88888888888889,"SOLUTION LAN S.A"
"Q2: SIGNED CUSTOMERS, UNSECURED PROVIDER",137367,ID,20,80.5,PT iForte Solusi Infotek
"Q2: SIGNED CUSTOMERS, UNSECURED PROVIDER",9541,PK,20,76.19047619047619,Cyber Internet Services (Pvt) Ltd.
"Q2: SIGNED CUSTOMERS, UNSECURED PROVIDER",43139,UA,20,64.15652173913043,Maximum-Net LLC
"Q2: SIGNED CUSTOMERS, UNSECURED PROVIDER",58629,BD,20,97.89473684210526,Global Fair Communications Ltd.
"Q2: SIGNED CUSTOMERS, UNSECURED PROVIDER",8781,QA,20,65.55714285714285,Ooredoo Q.S.C.
"Q2: SIGNED CUSTOMERS, UNSECURED PROVIDER",26548,US,20,85.07000000000001,PureVoltage Hosting Inc.
"Q2: SIGNED CUSTOMERS, UNSECURED PROVIDER",138089,ID,20,98.33500000000001,PT Global Media Data Prima
"Q2: SIGNED CUSTOMERS, UNSECURED PROVIDER",8309,FR,20,75.0,SIPARTECH SAS
"Q2: SIGNED CUSTOMERS, UNSECURED PROVIDER",197959,FR,20,80.0,VIRTUA SYSTEMS SAS
"Q2: SIGNED CUSTOMERS, UNSECURED PROVIDER",39120,IT,20,90.205,Convergenze S.p.A.
"Q2: SIGNED CUSTOMERS, UNSECURED PROVIDER",28258,BR,20,90.3,VERO S.A
"Q2: SIGNED CUSTOMERS, UNSECURED PROVIDER",269783,PY,20,80.0,WIND NET S.A.
"Q2: SIGNED CUSTOMERS, UNSECURED PROVIDER",47176,CH,20,95.0,GAS&COM AG
"Q2: SIGNED CUSTOMERS, UNSECURED PROVIDER",150593,IN,20,100.0,Dataexpress Pvt Ltd
"Q2: SIGNED CUSTOMERS, UNSECURED PROVIDER",272112,DO,20,62.7,"TELECABLE DOMINICANO, S.A."
"Q2: SIGNED CUSTOMERS, UNSECURED PROVIDER",10122,SG,20,100.0,NETSTAR (SG) PTE. LTD.
"Q2: SIGNED CUSTOMERS, UNSECURED PROVIDER",2586,EE,20,70.0,Elisa Eesti AS
"Q2: SIGNED CUSTOMERS, UNSECURED PROVIDER",273103,CO,20,60.0,TV&MÁS S.A.S
"Q2: SIGNED CUSTOMERS, UNSECURED PROVIDER",7632,ID,20,87.95384615384616,PT Link Net Tbk
"Q3: SECURE PROVIDER, UNSIGNED CUSTOMERS",6939,US,80006,53.51036786516231,Hurricane Electric LLC
"Q3: SECURE PROVIDER, UNSIGNED CUSTOMERS",3356,US,73731,55.5158404886253,Lumen (Level 3)
"Q3: SECURE PROVIDER, UNSIGNED CUSTOMERS",174,US,73560,56.869918014193594,"Cogent Communications, LLC"
"Q3: SECURE PROVIDER, UNSIGNED CUSTOMERS",6461,US,71623,57.365254920803814,Zayo Bandwidth
"Q3: SECURE PROVIDER, UNSIGNED CUSTOMERS",1299,SE,71086,57.28426159609988,Arelion (fka. Telia Carrier)
"Q3: SECURE PROVIDER, UNSIGNED CUSTOMERS",2914,US,68563,59.0016076551676,"NTT America, Inc."
"Q3: SECURE PROVIDER, UNSIGNED CUSTOMERS",3257,US,68432,57.96762677881559,GTT Communications Inc.
"Q3: SECURE PROVIDER, UNSIGNED CUSTOMERS",6453,US,67382,58.95035689945837,TATA Communications (America) Inc
"Q3: SECURE PROVIDER, UNSIGNED CUSTOMERS",7018,US,67122,46.28922134527035,"AT&T Enterprises, LLC"
"Q3: SECURE PROVIDER, UNSIGNED CUSTOMERS",3320,DE,66965,59.48893649395371,Deutsche Telekom AG
"Q3: SECURE PROVIDER, UNSIGNED CUSTOMERS",3491,HK,66961,59.280630415626376,PCCW Global (HK) Ltd.
"Q3: SECURE PROVIDER, UNSIGNED CUSTOMERS",4637,HK,66936,58.594045701020384,Telstra International Limited
"Q3: SECURE PROVIDER, UNSIGNED CUSTOMERS",701,US,66715,58.06478435846246,Verizon Business
"Q3: SECURE PROVIDER, UNSIGNED CUSTOMERS",6762,IT,64955,58.89811098809853,Telecom Italia Sparkle (Seabone)
"Q3: SECURE PROVIDER, UNSIGNED CUSTOMERS",12956,ES,59644,59.54236143637783,Telxius (Telefonica Global)
"Q3: SECURE PROVIDER, UNSIGNED CUSTOMERS",1273,EU,56947,59.14284042822879,Vodafone Group PLC
"Q3: SECURE PROVIDER, UNSIGNED CUSTOMERS",6830,NL,56800,59.32365403342807,Liberty Global Europe Holding B.V.
"Q3: SECURE PROVIDER, UNSIGNED CUSTOMERS",5511,FR,56686,59.01549073782195,Orange S.A.
"Q3: SECURE PROVIDER, UNSIGNED CUSTOMERS",7922,US,24720,55.50999172132714,"Comcast Cable Communications, LLC"
"Q3: SECURE PROVIDER, UNSIGNED CUSTOMERS",20473,US,20592,57.78057688089493,"The Constant Company, LLC"
"Q3: SECURE PROVIDER, UNSIGNED CUSTOMERS",7575,AU,8237,57.97782152230971,Australian Academic and Research Network (AARNet)
"Q3: SECURE PROVIDER, UNSIGNED CUSTOMERS",8220,GB,6289,56.25375800471857,COLT
"Q3: SECURE PROVIDER, UNSIGNED CUSTOMERS",52468,PA,5643,58.15957342885054,UFINET PANAMA S.A.
"Q3: SECURE PROVIDER, UNSIGNED CUSTOMERS",8359,RU,4789,51.52423979148566,MTS PJSC
"Q3: SECURE PROVIDER, UNSIGNED CUSTOMERS",38255,CN,4183,0.02060721969878078,China Education and Research Network (CERNET)
"Q3: SECURE PROVIDER, UNSIGNED CUSTOMERS",32787,US,3535,49.5345406824147,Akamai (Prolexic)
"Q3: SECURE PROVIDER, UNSIGNED CUSTOMERS",31133,RU,3149,45.863797264682226,MegaFon PJSC
"Q3: SECURE PROVIDER, UNSIGNED CUSTOMERS",852,CA,2202,47.79834254143646,TELUS Communications Inc.
"Q3: SECURE PROVIDER, UNSIGNED CUSTOMERS",16735,BR,1979,47.10159645232816,Algar Telecom
"Q3: SECURE PROVIDER, UNSIGNED CUSTOMERS",1031,US,1274,50.009025915996425,PEER 1031 LLC
"Q3: SECURE PROVIDER, UNSIGNED CUSTOMERS",46887,US,1182,24.114043993231814,Zayo (fka. Crown Castle)
"Q3: SECURE PROVIDER, UNSIGNED CUSTOMERS",4230,BR,1082,46.92716121495327,Claro (Embratel)
"Q3: SECURE PROVIDER, UNSIGNED CUSTOMERS",4826,AU,873,58.75990037359901,Vocus Connect International Backbone
"Q3: SECURE PROVIDER, UNSIGNED CUSTOMERS",577,CA,675,42.96737044145873,Bell Canada
"Q3: SECURE PROVIDER, UNSIGNED CUSTOMERS",22773,US,527,38.77526690391459,Cox Communications Inc.
"Q3: SECURE PROVIDER, UNSIGNED CUSTOMERS",267613,BR,486,45.926045627376425,ELETRONET S.A.
"Q3: SECURE PROVIDER, UNSIGNED CUSTOMERS",3549,US,454,48.79810924369748,Lumen (fka. Global Crossing)
"Q3: SECURE PROVIDER, UNSIGNED CUSTOMERS",10429,BR,435,38.10599415204678,Vivo (Telefônica Brasil)
"Q3: SECURE PROVIDER, UNSIGNED CUSTOMERS",29535,PL,425,57.81868421052632,Orange Polska Spolka Akcyjna
"Q3: SECURE PROVIDER, UNSIGNED CUSTOMERS",54004,US,417,55.17896103896104,Cablevision Lightpath LLC
"Q3: SECURE PROVIDER, UNSIGNED CUSTOMERS",50607,PL,404,56.23242424242424,Stowarzyszenie e-Poludnie
"Q3: SECURE PROVIDER, UNSIGNED CUSTOMERS",209,US,394,20.73296213808463,Lumen (ex. Qwest)
"Q3: SECURE PROVIDER, UNSIGNED CUSTOMERS",5617,PL,383,55.92930591259641,Orange Polska Spolka Akcyjna
"Q3: SECURE PROVIDER, UNSIGNED CUSTOMERS",2764,AU,344,51.48517441860464,AAPT Limited
"Q3: SECURE PROVIDER, UNSIGNED CUSTOMERS",7029,US,329,36.24711246200608,Uniti (fka. Windstream)
"Q3: SECURE PROVIDER, UNSIGNED CUSTOMERS",62081,PL,279,56.28351254480287,Stowarzyszenie e-Poludnie
"Q3: SECURE PROVIDER, UNSIGNED CUSTOMERS",33491,US,277,36.05054545454545,"Comcast Cable Communications, LLC"
"Q3: SECURE PROVIDER, UNSIGNED CUSTOMERS",6730,CH,269,59.616194331983806,Sunrise GmbH
"Q3: SECURE PROVIDER, UNSIGNED CUSTOMERS",5650,US,248,31.195564516129036,Verizon (fka. Frontier)
"Q3: SECURE PROVIDER, UNSIGNED CUSTOMERS",10796,US,246,27.742222222222217,Charter Communications Inc
"Q3: SECURE PROVIDER, UNSIGNED CUSTOMERS",812,CA,235,27.36367521367521,Rogers Communications Canada Inc.
"Q3: SECURE PROVIDER, UNSIGNED CUSTOMERS",263009,BR,232,50.41548117154812,FORTE TELECOM LTDA.
"Q3: SECURE PROVIDER, UNSIGNED CUSTOMERS",23106,BR,231,45.13030303030303,American Tower Brasil
"Q3: SECURE PROVIDER, UNSIGNED CUSTOMERS",12874,IT,229,51.783043478260865,Fastweb SpA
"Q3: SECURE PROVIDER, UNSIGNED CUSTOMERS",53087,BR,227,42.18794642857143,TELY Ltda.
"Q3: SECURE PROVIDER, UNSIGNED CUSTOMERS",11164,US,226,41.49502262443438,Internet2 I2PX
"Q3: SECURE PROVIDER, UNSIGNED CUSTOMERS",53181,BR,221,53.22787610619469,K2 Telecom e Multimidia LTDA ME
"Q3: SECURE PROVIDER, UNSIGNED CUSTOMERS",28368,BR,208,38.68740458015267,Wirelink (Sobralnet)
"Q3: SECURE PROVIDER, UNSIGNED CUSTOMERS",53667,US,183,46.58516483516483,FranTech Solutions
"Q3: SECURE PROVIDER, UNSIGNED CUSTOMERS",3269,IT,177,40.44888888888889,TIM S.p.A. (fka. Telecom Italia S.p.A.)
"Q3: SECURE PROVIDER, UNSIGNED CUSTOMERS",7015,US,170,34.55987261146497,"Comcast Cable Communications, LLC"
"Q3: SECURE PROVIDER, UNSIGNED CUSTOMERS",13649,US,161,16.395652173913042,Flexential Colorado Corp.
"Q3: SECURE PROVIDER, UNSIGNED CUSTOMERS",20001,US,155,26.173717948717947,Charter Communications Inc
"Q3: SECURE PROVIDER, UNSIGNED CUSTOMERS",2856,GB,154,33.90272108843537,British Telecommunications
"Q3: SECURE PROVIDER, UNSIGNED CUSTOMERS",11427,US,151,25.34967320261438,Charter Communications Inc
"Q3: SECURE PROVIDER, UNSIGNED CUSTOMERS",23005,US,140,20.689285714285713,"SWITCH, LTD"
"Q3: SECURE PROVIDER, UNSIGNED CUSTOMERS",33651,US,140,28.8,"Comcast Cable Communications, LLC"
"Q3: SECURE PROVIDER, UNSIGNED CUSTOMERS",33657,US,137,28.793548387096774,"Comcast Cable Communications, LLC"
"Q3: SECURE PROVIDER, UNSIGNED CUSTOMERS",33287,US,137,28.739416058394163,"Comcast Cable Communications, LLC"
"Q3: SECURE PROVIDER, UNSIGNED CUSTOMERS",7738,BR,134,47.40359712230216,V.tal (fka Telemar)
"Q3: SECURE PROVIDER, UNSIGNED CUSTOMERS",33667,US,133,19.857692307692307,"Comcast Cable Communications, LLC"
"Q3: SECURE PROVIDER, UNSIGNED CUSTOMERS",13760,US,133,32.0089552238806,Uniti Fiber Holdings Inc.
"Q3: SECURE PROVIDER, UNSIGNED CUSTOMERS",7016,US,116,21.386206896551723,"Comcast Cable Communications, LLC"
"Q3: SECURE PROVIDER, UNSIGNED CUSTOMERS",6855,SK,116,56.912173913043475,"Slovak Telekom, a.s."
"Q3: SECURE PROVIDER, UNSIGNED CUSTOMERS",6079,US,116,33.13090909090909,Astound (fka. RCN)
"Q3: SECURE PROVIDER, UNSIGNED CUSTOMERS",28343,BR,111,39.13070175438597,Unifique Telecomunicações SA
"Q3: SECURE PROVIDER, UNSIGNED CUSTOMERS",9790,NZ,108,54.64485981308411,Two Degrees Networks Limited
"Q3: SECURE PROVIDER, UNSIGNED CUSTOMERS",3301,SE,107,49.59719626168224,Telia Company AB
"Q3: SECURE PROVIDER, UNSIGNED CUSTOMERS",3292,DK,107,59.85075757575758,TDC Holding A/S
"Q3: SECURE PROVIDER, UNSIGNED CUSTOMERS",3209,DE,106,52.28811881188118,Vodafone GmbH
"Q3: SECURE PROVIDER, UNSIGNED CUSTOMERS",4713,JP,96,29.769072164948458,NTT Communications Corporation (OCN)
"Q3: SECURE PROVIDER, UNSIGNED CUSTOMERS",202,US,94,30.87037037037037,"Level 3 Parent, LLC"
"Q3: SECURE PROVIDER, UNSIGNED CUSTOMERS",52554,BR,94,33.26161616161616,Rede MegasNet Telecomunicações
"Q3: SECURE PROVIDER, UNSIGNED CUSTOMERS",209735,GB,93,21.978021978021978,Lagrange Cloud Technologies Limited
"Q3: SECURE PROVIDER, UNSIGNED CUSTOMERS",12025,US,93,27.53655913978495,Iron Mountain Data Centers
"Q3: SECURE PROVIDER, UNSIGNED CUSTOMERS",33659,US,92,21.77032967032967,"Comcast Cable Communications, LLC"
"Q3: SECURE PROVIDER, UNSIGNED CUSTOMERS",10103,HK,89,46.68255813953488,HK Broadband Network Ltd.
"Q3: SECURE PROVIDER, UNSIGNED CUSTOMERS",28186,BR,88,43.30674157303371,ITS TELECOMUNICACOES LTDA
"Q3: SECURE PROVIDER, UNSIGNED CUSTOMERS",31242,PL,87,25.670114942528738,P4 Sp. z o.o.
"Q3: SECURE PROVIDER, UNSIGNED CUSTOMERS",7795,US,83,21.196052631578947,"LUMOS Networks, Inc."
"Q3: SECURE PROVIDER, UNSIGNED CUSTOMERS",12479,ES,82,44.40481927710844,Orange Espagne SA
"Q3: SECURE PROVIDER, UNSIGNED CUSTOMERS",26554,US,82,23.395061728395063,"US Signal Company, L.L.C."
"Q3: SECURE PROVIDER, UNSIGNED CUSTOMERS",9141,PL,80,51.71707317073171,P4 Sp. z o.o.
"Q3: SECURE PROVIDER, UNSIGNED CUSTOMERS",62,US,77,10.077922077922079,CyrusOne LLC
"Q3: SECURE PROVIDER, UNSIGNED CUSTOMERS",28329,BR,77,41.707692307692305,SAMM  (G8/Megatelecom)
"Q3: SECURE PROVIDER, UNSIGNED CUSTOMERS",262476,BR,77,32.52179487179487,BRCENTRAL TELECOM
"Q3: SECURE PROVIDER, UNSIGNED CUSTOMERS",19108,US,76,46.704054054054055,Optimum
"Q3: SECURE PROVIDER, UNSIGNED CUSTOMERS",3352,ES,75,51.598969072164955,TELEFONICA DE ESPANA S.A.U.
"Q3: SECURE PROVIDER, UNSIGNED CUSTOMERS",20965,NL,74,55.323076923076925,GEANT Vereniging
"Q3: SECURE PROVIDER, UNSIGNED CUSTOMERS",11796,US,73,24.246052631578944,"Airstream Communications, LLC"
"Q3: SECURE PROVIDER, UNSIGNED CUSTOMERS",139317,CN,72,32.638888888888886,Ningbo Dahuamao Information Technology Co Ltd
"Q3: SECURE PROVIDER, UNSIGNED CUSTOMERS",207841,GB,72,28.169014084507044,Inferno Communications Ltd
"Q3: SECURE PROVIDER, UNSIGNED CUSTOMERS",13367,US,71,18.481159420289856,"Comcast Cable Communications, LLC"
"Q3: SECURE PROVIDER, UNSIGNED CUSTOMERS",33650,US,69,27.73676470588235,"Comcast Cable Communications, LLC"
"Q3: SECURE PROVIDER, UNSIGNED CUSTOMERS",201776,RU,69,57.11911764705882,Miranda-Media Ltd
"Q3: SECURE PROVIDER, UNSIGNED CUSTOMERS",32505,US,69,37.11449275362319,Conterra
"Q3: SECURE PROVIDER, UNSIGNED CUSTOMERS",262503,BR,68,48.308955223880595,WIKI TELECOMUNICACOES EIRELI
"Q3: SECURE PROVIDER, UNSIGNED CUSTOMERS",33652,US,67,28.718840579710143,"Comcast Cable Communications, LLC"
"Q3: SECURE PROVIDER, UNSIGNED CUSTOMERS",52863,BR,65,45.31666666666667,UPX TECNOLOGIA LTDA
"Q3: SECURE PROVIDER, UNSIGNED CUSTOMERS",30600,US,64,33.461290322580645,Metronet
"Q3: SECURE PROVIDER, UNSIGNED CUSTOMERS",5089,GB,63,37.734482758620686,Virgin Media Limited
"Q3: SECURE PROVIDER, UNSIGNED CUSTOMERS",33668,US,62,39.266666666666666,"Comcast Cable Communications, LLC"
"Q3: SECURE PROVIDER, UNSIGNED CUSTOMERS",28189,BR,62,42.61194029850746,NOVVACORE
"Q3: SECURE PROVIDER, UNSIGNED CUSTOMERS",33490,US,62,35.813114754098365,Comcast (Portland/Spokane)
"Q3: SECURE PROVIDER, UNSIGNED CUSTOMERS",17222,BR,62,13.221875,MUNDIVOX DO BRASIL LTDA
"Q3: SECURE PROVIDER, UNSIGNED CUSTOMERS",20632,RU,61,33.04590163934426,PJSC MegaFon
"Q3: SECURE PROVIDER, UNSIGNED CUSTOMERS",35819,SA,59,58.018644067796615,Etihad Etisalat (Mobily)
"Q3: SECURE PROVIDER, UNSIGNED CUSTOMERS",7725,US,59,42.38813559322034,"Comcast Cable Communications, LLC"
"Q3: SECURE PROVIDER, UNSIGNED CUSTOMERS",33660,US,57,41.52105263157895,"Comcast Cable Communications, LLC"
"Q3: SECURE PROVIDER, UNSIGNED CUSTOMERS",1759,FI,55,43.79090909090909,Telia Finland Oyj
"Q3: SECURE PROVIDER, UNSIGNED CUSTOMERS",25159,RU,55,35.644444444444446,PJSC MegaFon
"Q3: SECURE PROVIDER, UNSIGNED CUSTOMERS",31216,GB,52,57.783928571428575,BSO Network Solutions SAS
"Q3: SECURE PROVIDER, UNSIGNED CUSTOMERS",13876,US,52,40.671698113207555,"FiberLight, LLC"
"Q3: SECURE PROVIDER, UNSIGNED CUSTOMERS",26801,US,52,24.61730769230769,"Zito Media, L.P."
"Q3: SECURE PROVIDER, UNSIGNED CUSTOMERS",1853,AT,51,23.178,ACONET
"Q3: SECURE PROVIDER, UNSIGNED CUSTOMERS",38794,TH,51,56.53,UIH
"Q3: SECURE PROVIDER, UNSIGNED CUSTOMERS",10753,US,50,37.17254901960785,"Level 3 Parent, LLC"
"Q3: SECURE PROVIDER, UNSIGNED CUSTOMERS",21700,US,50,55.12884615384615,"Neptune Networks, LLC"
"Q3: SECURE PROVIDER, UNSIGNED CUSTOMERS",36086,US,48,25.327083333333334,Telx
"Q3: SECURE PROVIDER, UNSIGNED CUSTOMERS",33662,US,48,37.291666666666664,"Comcast Cable Communications, LLC"
"Q3: SECURE PROVIDER, UNSIGNED CUSTOMERS",22645,US,46,31.906382978723403,LEARN
"Q3: SECURE PROVIDER, UNSIGNED CUSTOMERS",30517,US,46,26.102040816326532,"Missouri Network Alliance, LLC"
"Q3: SECURE PROVIDER, UNSIGNED CUSTOMERS",12271,US,45,28.95111111111111,Charter Communications Inc
"Q3: SECURE PROVIDER, UNSIGNED CUSTOMERS",1237,KR,44,12.865909090909092,Korea Research Environment Open NETwork
"Q3: SECURE PROVIDER, UNSIGNED CUSTOMERS",11096,US,44,28.797727272727276,FloridaNet
"Q3: SECURE PROVIDER, UNSIGNED CUSTOMERS",21508,US,42,12.602439024390245,"Comcast Cable Communications, LLC"
"Q3: SECURE PROVIDER, UNSIGNED CUSTOMERS",394437,US,39,33.02307692307692,PS Lightwave
"Q3: SECURE PROVIDER, UNSIGNED CUSTOMERS",19151,US,38,46.50443740095088,"BroadbandONE, LLC"
"Q3: SECURE PROVIDER, UNSIGNED CUSTOMERS",266167,BR,38,48.157575757575756,CELERIX TECNOLOGIA DE TELECOMUNICACOES LTDA
"Q3: SECURE PROVIDER, UNSIGNED CUSTOMERS",22909,US,38,25.73783783783784,"Comcast Cable Communications, LLC"
"Q3: SECURE PROVIDER, UNSIGNED CUSTOMERS",21219,UA,37,48.648648648648646,"PRIVATE JOINT STOCK COMPANY ""DATAGROUP"""
"Q3: SECURE PROVIDER, UNSIGNED CUSTOMERS",22911,US,35,16.291428571428572,"SINAP-TIX, LLC"
"Q3: SECURE PROVIDER, UNSIGNED CUSTOMERS",24835,EG,35,14.694285714285712,Vodafone Egypt
"Q3: SECURE PROVIDER, UNSIGNED CUSTOMERS",31261,RU,34,39.39393939393939,PJSC MegaFon
"Q3: SECURE PROVIDER, UNSIGNED CUSTOMERS",267469,BR,34,50.975,W8 Telecom Ltda - ME
"Q3: SECURE PROVIDER, UNSIGNED CUSTOMERS",16904,US,33,29.96060606060606,Arvig Enterprises Inc.
"Q3: SECURE PROVIDER, UNSIGNED CUSTOMERS",1653,EU,31,35.82903225806451,Vetenskapsrådet / SUNET
"Q3: SECURE PROVIDER, UNSIGNED CUSTOMERS",197103,MT,30,13.333333333333334,Ixaris Systems (Malta) Limited
"Q3: SECURE PROVIDER, UNSIGNED CUSTOMERS",45049,BE,30,50.0,Mohamed El Bouddunti
"Q3: SECURE PROVIDER, UNSIGNED CUSTOMERS",40948,US,29,31.896551724137932,Stratus Networks
"Q3: SECURE PROVIDER, UNSIGNED CUSTOMERS",20552,PL,29,45.172413793103445,Horyzont Technologie Internetowe sp.z.o.o.
"Q3: SECURE PROVIDER, UNSIGNED CUSTOMERS",19905,US,28,43.75,Arbor Cloud
"Q3: SECURE PROVIDER, UNSIGNED CUSTOMERS",7004,CL,27,52.885714285714286,TELEFÓNICA CHILE S.A.
"Q3: SECURE PROVIDER, UNSIGNED CUSTOMERS",668,US,27,0.0,DoD High Performance Computing (Defense Research and Engineering Network)
"Q3: SECURE PROVIDER, UNSIGNED CUSTOMERS",36103,US,24,53.37083333333334,"Central Utah Telephone, Inc."
"Q3: SECURE PROVIDER, UNSIGNED CUSTOMERS",2153,US,24,0.6318181818181818,CENIC
"Q3: SECURE PROVIDER, UNSIGNED CUSTOMERS",6848,BE,23,24.41304347826087,Telenet BV
"Q3: SECURE PROVIDER, UNSIGNED CUSTOMERS",25248,CZ,23,46.71363636363637,RADIOKOMUNIKACE a.s.
"Q3: SECURE PROVIDER, UNSIGNED CUSTOMERS",62214,HU,22,47.56363636363637,Rackforest Zrt.
"Q3: SECURE PROVIDER, UNSIGNED CUSTOMERS",32440,US,21,24.247619047619047,Louisiana Board of Regents/Louisiana Optical Network Initiative (LONI)
"Q3: SECURE PROVIDER, UNSIGNED CUSTOMERS",766,ES,21,34.7952380952381,Entidad Publica Empresarial Red.es
"Q3: SECURE PROVIDER, UNSIGNED CUSTOMERS",56910,GR,21,52.38095238095238,Digital Realty Hellas Single Member S.A
"Q3: SECURE PROVIDER, UNSIGNED CUSTOMERS",22925,US,20,31.665,"Allied Telecom Group, LLC"
"Q4: UNSECURED PROVIDER, UNSIGNED CUSTOMERS",4134,CN,50788,59.96295734242475,China Telecom Backbone
"Q4: UNSECURED PROVIDER, UNSIGNED CUSTOMERS",3216,RU,26727,58.153235166738845,Vimpelcom PJSC
"Q4: UNSECURED PROVIDER, UNSIGNED CUSTOMERS",12389,RU,12968,54.74574976122254,Rostelecom PJSC
"Q4: UNSECURED PROVIDER, UNSIGNED CUSTOMERS",22652,CA,3634,53.94403453689168,Videotron Ltee
"Q4: UNSECURED PROVIDER, UNSIGNED CUSTOMERS",52025,GB,1785,57.930311111111116,ParadoxNetworks Limited
"Q4: UNSECURED PROVIDER, UNSIGNED CUSTOMERS",53062,BR,1733,43.986440677966094,GGNET TELECOMUNICACOES LTDA
"Q4: UNSECURED PROVIDER, UNSIGNED CUSTOMERS",9929,CN,1603,40.693061224489796,China Unicom Industrial Internet Backbone
"Q4: UNSECURED PROVIDER, UNSIGNED CUSTOMERS",57304,RU,1414,47.276343283582094,RETN Russia
"Q4: UNSECURED PROVIDER, UNSIGNED CUSTOMERS",8447,AT,1179,46.10840909090909,A1 Telekom Austria AG
"Q4: UNSECURED PROVIDER, UNSIGNED CUSTOMERS",4766,KR,1142,29.561914460285134,Korea Telecom
"Q4: UNSECURED PROVIDER, UNSIGNED CUSTOMERS",9049,RU,951,36.785103785103786,"JSC ""ER-Telecom Holding"""
"Q4: UNSECURED PROVIDER, UNSIGNED CUSTOMERS",13786,US,894,47.56741016109046,"Seaborn (Seabras USA, LLC)"
"Q4: UNSECURED PROVIDER, UNSIGNED CUSTOMERS",35598,RU,893,47.2147855530474,INETCOM CARRIER LLC
"Q4: UNSECURED PROVIDER, UNSIGNED CUSTOMERS",61832,BR,738,41.44334277620396,Giga+ Empresas
"Q4: UNSECURED PROVIDER, UNSIGNED CUSTOMERS",12741,PL,720,47.65448179271708,Netia SA
"Q4: UNSECURED PROVIDER, UNSIGNED CUSTOMERS",62255,SI,690,47.4852897473997,BiMajLink d.o.o.
"Q4: UNSECURED PROVIDER, UNSIGNED CUSTOMERS",6327,CA,611,41.853869969040254,Shaw Communications
"Q4: UNSECURED PROVIDER, UNSIGNED CUSTOMERS",9318,KR,560,13.70287162162162,SK Broadband Co Ltd
"Q4: UNSECURED PROVIDER, UNSIGNED CUSTOMERS",61568,BR,545,45.333273381294966,ALOO TELECOM - FSF TECNOLOGIA SA
"Q4: UNSECURED PROVIDER, UNSIGNED CUSTOMERS",28917,LT,543,53.13766990291262,"Fiord Networks, UAB"
"Q4: UNSECURED PROVIDER, UNSIGNED CUSTOMERS",37662,MU,502,37.54190064794817,West Indian Ocean Cable Company (WIOCC)
"Q4: UNSECURED PROVIDER, UNSIGNED CUSTOMERS",3786,KR,495,4.966735537190082,LG DACOM Corporation
"Q4: UNSECURED PROVIDER, UNSIGNED CUSTOMERS",2497,JP,464,57.903225806451616,Internet Initiative Japan Inc.
"Q4: UNSECURED PROVIDER, UNSIGNED CUSTOMERS",271253,BR,440,44.725341130604285,LINK BRASIL TELECOMUNICACOES LTDA
"Q4: UNSECURED PROVIDER, UNSIGNED CUSTOMERS",212895,DE,437,43.51089108910892,Johannes Ernst
"Q4: UNSECURED PROVIDER, UNSIGNED CUSTOMERS",11537,US,428,47.62592592592593,Internet2
"Q4: UNSECURED PROVIDER, UNSIGNED CUSTOMERS",28283,BR,424,46.9009324009324,Adyl Telecom
"Q4: UNSECURED PROVIDER, UNSIGNED CUSTOMERS",3326,UA,419,55.66237623762377,Datagroup PJSC
"Q4: UNSECURED PROVIDER, UNSIGNED CUSTOMERS",50509,RU,377,45.46174142480211,Transroute.Net
"Q4: UNSECURED PROVIDER, UNSIGNED CUSTOMERS",29076,RU,316,50.771760797342196,Citytelecom LLC
"Q4: UNSECURED PROVIDER, UNSIGNED CUSTOMERS",19551,US,315,50.35760869565217,Incapsula Inc
"Q4: UNSECURED PROVIDER, UNSIGNED CUSTOMERS",13237,DE,297,59.64594594594595,euNetworks GmbH
"Q4: UNSECURED PROVIDER, UNSIGNED CUSTOMERS",22381,BR,292,48.26030769230769,SAMM (Megatelecom)
"Q4: UNSECURED PROVIDER, UNSIGNED CUSTOMERS",52965,BR,290,46.89892086330935,1Telecom
"Q4: UNSECURED PROVIDER, UNSIGNED CUSTOMERS",264409,BR,288,52.792125984251975,Huge Networks
"Q4: UNSECURED PROVIDER, UNSIGNED CUSTOMERS",7473,SG,284,59.74239482200647,Singapore Telecommunications Ltd
"Q4: UNSECURED PROVIDER, UNSIGNED CUSTOMERS",7474,AU,283,52.68664259927798,SingTel Optus Pty Ltd
"Q4: UNSECURED PROVIDER, UNSIGNED CUSTOMERS",20940,NL,267,59.99959514170041,Akamai International B.V.
"Q4: UNSECURED PROVIDER, UNSIGNED CUSTOMERS",3255,UA,263,50.84621212121212,Ukrainian Academic and Research Network
"Q4: UNSECURED PROVIDER, UNSIGNED CUSTOMERS",2516,JP,262,49.64865900383141,KDDI Corporation
"Q4: UNSECURED PROVIDER, UNSIGNED CUSTOMERS",12912,PL,260,45.581153846153846,T-Mobile Polska S.A.
"Q4: UNSECURED PROVIDER, UNSIGNED CUSTOMERS",34872,BE,252,52.146428571428565,Servperso Systems
"Q4: UNSECURED PROVIDER, UNSIGNED CUSTOMERS",29226,RU,246,36.42206896551724,MasterTel
"Q4: UNSECURED PROVIDER, UNSIGNED CUSTOMERS",11432,BR,240,36.56976744186046,Telium Telecomunicações Ltda
"Q4: UNSECURED PROVIDER, UNSIGNED CUSTOMERS",13536,US,212,32.08396226415094,"FirstLight Networks, LLC"
"Q4: UNSECURED PROVIDER, UNSIGNED CUSTOMERS",32097,US,210,59.970229007633584,"WholeSale Internet, Inc."
"Q4: UNSECURED PROVIDER, UNSIGNED CUSTOMERS",8881,DE,208,57.85245901639345,1&1 Versatel GmbH
"Q4: UNSECURED PROVIDER, UNSIGNED CUSTOMERS",198949,IL,206,50.57692307692308,Radware
"Q4: UNSECURED PROVIDER, UNSIGNED CUSTOMERS",60171,ES,204,54.47098445595855,AFR-IX TELECOM S.A.
"Q4: UNSECURED PROVIDER, UNSIGNED CUSTOMERS",8732,RU,204,22.276020408163266,JSC Comcor
"Q4: UNSECURED PROVIDER, UNSIGNED CUSTOMERS",35320,UA,203,58.51387559808612,Eurotranstelecom Ltd
"Q4: UNSECURED PROVIDER, UNSIGNED CUSTOMERS",262663,BR,202,45.34974093264249,METROFLEX TELECOMUNICACOES LTDA
"Q4: UNSECURED PROVIDER, UNSIGNED CUSTOMERS",8641,RU,197,48.00422535211266,"LLC ""Nauka-Svyaz"""
"Q4: UNSECURED PROVIDER, UNSIGNED CUSTOMERS",263903,BR,195,46.452284263959385,INFORBARRA TELECOM
"Q4: UNSECURED PROVIDER, UNSIGNED CUSTOMERS",4657,SG,195,53.84517133956386,StarHub Ltd
"Q4: UNSECURED PROVIDER, UNSIGNED CUSTOMERS",32098,US,191,49.37395833333333,Flō Networks (Transtelco Inc.)
"Q4: UNSECURED PROVIDER, UNSIGNED CUSTOMERS",28146,BR,188,35.01978609625668,MHNET TELECOM
"Q4: UNSECURED PROVIDER, UNSIGNED CUSTOMERS",28598,BR,184,41.62142857142857,MOB
"Q4: UNSECURED PROVIDER, UNSIGNED CUSTOMERS",265269,BR,184,37.80112359550562,MEGA TELE INFORMATICA
"Q4: UNSECURED PROVIDER, UNSIGNED CUSTOMERS",702,US,184,30.72752808988764,Verizon Business - EMEA
"Q4: UNSECURED PROVIDER, UNSIGNED CUSTOMERS",20115,US,183,34.30869565217392,Spectrum (Charter)
"Q4: UNSECURED PROVIDER, UNSIGNED CUSTOMERS",201706,RU,182,40.046994535519126,SERVICEPIPE LLC
"Q4: UNSECURED PROVIDER, UNSIGNED CUSTOMERS",20205,US,182,48.18119658119658,"Amplex Electric, Inc."
"Q4: UNSECURED PROVIDER, UNSIGNED CUSTOMERS",52925,BR,180,50.34366197183099,Ascenty Data Centers e Telecomunicações S/A
"Q4: UNSECURED PROVIDER, UNSIGNED CUSTOMERS",37282,NG,179,25.36327683615819,MainOne Cable Company Nigeria Limited
"Q4: UNSECURED PROVIDER, UNSIGNED CUSTOMERS",1828,US,178,23.710062893081762,PacketFabric / Unitas Global
"Q4: UNSECURED PROVIDER, UNSIGNED CUSTOMERS",15164,US,177,23.43954802259887,Segra (Unite)
"Q4: UNSECURED PROVIDER, UNSIGNED CUSTOMERS",20055,US,175,51.09542857142856,Ziply Fiber
"Q4: UNSECURED PROVIDER, UNSIGNED CUSTOMERS",269194,BR,171,38.54941176470588,ST1 INTERNET
"Q4: UNSECURED PROVIDER, UNSIGNED CUSTOMERS",269096,BR,171,45.77485380116959,NORTH TECNOLOGIA
"Q4: UNSECURED PROVIDER, UNSIGNED CUSTOMERS",37271,ZA,169,57.41133333333334,Workonline Communications(Pty) Ltd
"Q4: UNSECURED PROVIDER, UNSIGNED CUSTOMERS",44324,US,169,33.73863636363637,MoeDove LLC
"Q4: UNSECURED PROVIDER, UNSIGNED CUSTOMERS",11404,US,167,37.44886363636363,Astound (fka. Wave Broadband)
"Q4: UNSECURED PROVIDER, UNSIGNED CUSTOMERS",1680,IL,167,56.88862275449102,Cellcom Fixed Line Communication L.P
"Q4: UNSECURED PROVIDER, UNSIGNED CUSTOMERS",21574,BR,164,35.75975609756098,Century Telecom Ltda
"Q4: UNSECURED PROVIDER, UNSIGNED CUSTOMERS",1820,US,163,51.38220858895705,WNET TELECOM USA Corp.
"Q4: UNSECURED PROVIDER, UNSIGNED CUSTOMERS",21949,CA,161,34.769753086419755,Beanfield Technologies Inc.
"Q4: UNSECURED PROVIDER, UNSIGNED CUSTOMERS",15694,PL,153,39.47707006369427,Atman Sp. z o.o.
"Q4: UNSECURED PROVIDER, UNSIGNED CUSTOMERS",55002,US,149,54.746099290780144,"F5, Inc."
"Q4: UNSECURED PROVIDER, UNSIGNED CUSTOMERS",52573,BR,147,44.875882352941176,Une Telecom Ltda
"Q4: UNSECURED PROVIDER, UNSIGNED CUSTOMERS",40264,US,143,31.12857142857143,Charter Communications LLC
"Q4: UNSECURED PROVIDER, UNSIGNED CUSTOMERS",8551,IL,141,54.24087591240876,Bezeq International Ltd.
"Q4: UNSECURED PROVIDER, UNSIGNED CUSTOMERS",21497,UA,134,53.16222222222222,Vodafone Ukraine
"Q4: UNSECURED PROVIDER, UNSIGNED CUSTOMERS",12129,US,132,54.3,"123.Net, Inc."
"Q4: UNSECURED PROVIDER, UNSIGNED CUSTOMERS",28126,BR,129,41.84959349593496,BRISANET SERVICOS DE TELECOMUNICACOES S.A
"Q4: UNSECURED PROVIDER, UNSIGNED CUSTOMERS",17378,US,129,24.773600000000002,"TierPoint, LLC"
"Q4: UNSECURED PROVIDER, UNSIGNED CUSTOMERS",29838,US,128,33.816923076923075,"Atlantic Metro Communications II, Inc."
"Q4: UNSECURED PROVIDER, UNSIGNED CUSTOMERS",4761,ID,127,58.258333333333326,PT Indosat Tbk
"Q4: UNSECURED PROVIDER, UNSIGNED CUSTOMERS",2152,US,123,15.20650406504065,CENIC - CalREN
"Q4: UNSECURED PROVIDER, UNSIGNED CUSTOMERS",12400,IL,122,56.347863247863245,Partner Communications Ltd.
"Q4: UNSECURED PROVIDER, UNSIGNED CUSTOMERS",33763,MU,122,34.33693693693694,Paratus Telecommunications Limited
"Q4: UNSECURED PROVIDER, UNSIGNED CUSTOMERS",8151,MX,121,22.770833333333332,Telmex (Uninet)
"Q4: UNSECURED PROVIDER, UNSIGNED CUSTOMERS",4455,GB,120,58.75785123966942,IX Reach Ltd
"Q4: UNSECURED PROVIDER, UNSIGNED CUSTOMERS",11172,MX,117,41.02982456140351,"Alestra, S. de R.L. de C.V."
"Q4: UNSECURED PROVIDER, UNSIGNED CUSTOMERS",8400,RS,116,59.19137931034483,Telekom Srbija a.d.
"Q4: UNSECURED PROVIDER, UNSIGNED CUSTOMERS",262462,BR,115,41.27522935779817,Aranet Play
"Q4: UNSECURED PROVIDER, UNSIGNED CUSTOMERS",2907,JP,113,22.192307692307693,Science Information Network
"Q4: UNSECURED PROVIDER, UNSIGNED CUSTOMERS",8167,BR,111,38.84375,V.tal
"Q4: UNSECURED PROVIDER, UNSIGNED CUSTOMERS",268696,BR,111,58.93362831858407,Tuddo Telecom Ltda.
"Q4: UNSECURED PROVIDER, UNSIGNED CUSTOMERS",37613,GH,106,25.028971962616822,DOLPHIN TELECOMMUNICATION LIMITED
"Q4: UNSECURED PROVIDER, UNSIGNED CUSTOMERS",12357,ES,105,56.23076923076923,VODAFONE ESPANA S.A.U.
"Q4: UNSECURED PROVIDER, UNSIGNED CUSTOMERS",199599,RU,103,41.695238095238096,"Telecom-Birzha, LLC"
"Q4: UNSECURED PROVIDER, UNSIGNED CUSTOMERS",8772,UA,102,36.763888888888886,NetAssist LLC
"Q4: UNSECURED PROVIDER, UNSIGNED CUSTOMERS",2711,US,101,28.32058823529412,Spirit Communications
"Q4: UNSECURED PROVIDER, UNSIGNED CUSTOMERS",53356,CA,100,54.20388349514563,Free Range Cloud Hosting Inc.
"Q4: UNSECURED PROVIDER, UNSIGNED CUSTOMERS",2686,US,99,22.592,"AT&T Enterprises, LLC"
"Q4: UNSECURED PROVIDER, UNSIGNED CUSTOMERS",29169,FR,99,47.97,GANDI SAS
"Q4: UNSECURED PROVIDER, UNSIGNED CUSTOMERS",15895,UA,98,47.249484536082484,"""Kyivstar"" PJSC"
"Q4: UNSECURED PROVIDER, UNSIGNED CUSTOMERS",1267,IT,98,55.083673469387755,WIND TRE S.P.A.
"Q4: UNSECURED PROVIDER, UNSIGNED CUSTOMERS",26615,BR,97,34.92368421052632,TIM S/A
"Q4: UNSECURED PROVIDER, UNSIGNED CUSTOMERS",11351,US,97,15.601041666666667,Charter Communications Inc
"Q4: UNSECURED PROVIDER, UNSIGNED CUSTOMERS",18734,MX,95,29.496875000000003,"Operbes, S.A. de C.V."
"Q4: UNSECURED PROVIDER, UNSIGNED CUSTOMERS",13767,US,93,14.177419354838706,"DataBank Holdings, Ltd."
"Q4: UNSECURED PROVIDER, UNSIGNED CUSTOMERS",2854,RU,93,28.01489361702128,LLC Orange Business Services
"Q4: UNSECURED PROVIDER, UNSIGNED CUSTOMERS",2116,NO,93,58.8989247311828,GLOBALCONNECT AS
"Q4: UNSECURED PROVIDER, UNSIGNED CUSTOMERS",33132,US,93,15.305376344086023,Zayo Bandwidth
"Q4: UNSECURED PROVIDER, UNSIGNED CUSTOMERS",52873,BR,93,45.07979797979797,Softdados Telecomunicações
"Q4: UNSECURED PROVIDER, UNSIGNED CUSTOMERS",44600,UA,92,53.449999999999996,"""GIGATRANS UKRAINE"", LLC"
"Q4: UNSECURED PROVIDER, UNSIGNED CUSTOMERS",703,US,92,34.91954022988506,Verizon Business - APAC
"Q4: UNSECURED PROVIDER, UNSIGNED CUSTOMERS",27064,US,89,0.0,Defense Information Systems Agency (DISA)
"Q4: UNSECURED PROVIDER, UNSIGNED CUSTOMERS",8529,AE,89,50.82888888888889,Zain Omantel International FZ-LLC
"Q4: UNSECURED PROVIDER, UNSIGNED CUSTOMERS",3758,SG,87,37.02823529411764,SingNet
"Q4: UNSECURED PROVIDER, UNSIGNED CUSTOMERS",2519,JP,87,49.06853932584269,ARTERIA Networks Corporation
"Q4: UNSECURED PROVIDER, UNSIGNED CUSTOMERS",12963,UA,87,46.59090909090909,"Scientific Industrial Firm ""Volz"" Ltd"
"Q4: UNSECURED PROVIDER, UNSIGNED CUSTOMERS",59692,AE,87,54.92321428571429,IQWeb FZ-LLC
"Q4: UNSECURED PROVIDER, UNSIGNED CUSTOMERS",35708,DE,87,19.491525423728813,4b42 UG
"Q4: UNSECURED PROVIDER, UNSIGNED CUSTOMERS",16637,ZA,87,34.5,MTN SA (Bayobab)
"Q4: UNSECURED PROVIDER, UNSIGNED CUSTOMERS",56534,RU,85,52.11279069767442,Comfortel Ltd.
"Q4: UNSECURED PROVIDER, UNSIGNED CUSTOMERS",57724,RU,84,47.108771929824556,DDOS-GUARD LTD
"Q4: UNSECURED PROVIDER, UNSIGNED CUSTOMERS",262907,BR,84,39.285714285714285,Brasil TecPar
"Q4: UNSECURED PROVIDER, UNSIGNED CUSTOMERS",28220,BR,83,48.74111111111111,Alares Internet
"Q4: UNSECURED PROVIDER, UNSIGNED CUSTOMERS",265038,BR,82,35.79277108433735,TELFO SERVICO DE TELECOMUNICACOES LTDA
"Q4: UNSECURED PROVIDER, UNSIGNED CUSTOMERS",31898,US,82,34.853012048192774,Oracle Cloud
"Q4: UNSECURED PROVIDER, UNSIGNED CUSTOMERS",41051,CH,82,6.25,Freetransit Project (Openfactory GmbH)
"Q4: UNSECURED PROVIDER, UNSIGNED CUSTOMERS",5056,US,79,23.812987012987016,Aureon Network Services
"Q4: UNSECURED PROVIDER, UNSIGNED CUSTOMERS",271493,BR,79,48.83720930232558,SPEED NET PEDRA
"Q4: UNSECURED PROVIDER, UNSIGNED CUSTOMERS",53115,BR,77,52.18051948051948,ISPX Solucoes em Telecomunicacoes SPE Ltda
"Q4: UNSECURED PROVIDER, UNSIGNED CUSTOMERS",11426,US,77,27.07792207792208,Charter Communications Inc
"Q4: UNSECURED PROVIDER, UNSIGNED CUSTOMERS",209533,CH,77,8.974358974358974,iFog GmbH - BGPTunnel
"Q4: UNSECURED PROVIDER, UNSIGNED CUSTOMERS",4808,CN,77,55.080000000000005,China Unicom Beijing Province Network
"Q4: UNSECURED PROVIDER, UNSIGNED CUSTOMERS",264997,BR,76,24.074074074074073,Direct Telecom Ltda
"Q4: UNSECURED PROVIDER, UNSIGNED CUSTOMERS",263276,BR,75,59.151851851851845,BBG TELECOM LTDA
"Q4: UNSECURED PROVIDER, UNSIGNED CUSTOMERS",262355,BR,73,35.656451612903226,VSX Networks
"Q4: UNSECURED PROVIDER, UNSIGNED CUSTOMERS",28260,BR,73,38.75714285714286,ALTA REDE CORPORATE NETWORK TELECOM LTDA - EPP
"Q4: UNSECURED PROVIDER, UNSIGNED CUSTOMERS",8452,EG,73,24.026027397260275,Telecom Egypt
"Q4: UNSECURED PROVIDER, UNSIGNED CUSTOMERS",62943,US,72,29.50294117647059,"Missouri Network Alliance, LLC"
"Q4: UNSECURED PROVIDER, UNSIGNED CUSTOMERS",268314,BR,71,41.35740740740741,SUPORTI TELECOM
"Q4: UNSECURED PROVIDER, UNSIGNED CUSTOMERS",33363,US,71,28.594285714285714,"Charter Communications, Inc"
"Q4: UNSECURED PROVIDER, UNSIGNED CUSTOMERS",8473,SE,67,51.732835820895524,Bahnhof AB
"Q4: UNSECURED PROVIDER, UNSIGNED CUSTOMERS",8767,DE,67,50.84029850746269,M-net Telekommunikations GmbH
"Q4: UNSECURED PROVIDER, UNSIGNED CUSTOMERS",3754,US,67,29.795454545454547,NYSERNet
"Q4: UNSECURED PROVIDER, UNSIGNED CUSTOMERS",263966,BR,66,21.518055555555556,WorldWifi
"Q4: UNSECURED PROVIDER, UNSIGNED CUSTOMERS",263432,BR,66,32.665454545454544,CORPORATIVA TELECOMUNICACOES EIRELI ME
"Q4: UNSECURED PROVIDER, UNSIGNED CUSTOMERS",35000,RU,65,30.5453125,"JSC ""Severen-Telecom"""
"Q4: UNSECURED PROVIDER, UNSIGNED CUSTOMERS",28198,BR,65,49.15081967213114,SEMPRE TELECOMUNICACOES LTDA
"Q4: UNSECURED PROVIDER, UNSIGNED CUSTOMERS",4847,CN,65,52.6590909090909,China Telecom Beijing Province Network
"Q4: UNSECURED PROVIDER, UNSIGNED CUSTOMERS",52872,BR,65,56.63731343283582,VOANET Telecomunicações Ltda.
"Q4: UNSECURED PROVIDER, UNSIGNED CUSTOMERS",262761,BR,64,49.43559322033898,Sinal Br Telecom Ltda
"Q4: UNSECURED PROVIDER, UNSIGNED CUSTOMERS",196695,RU,64,34.401538461538465,NetOne Rus JSC
"Q4: UNSECURED PROVIDER, UNSIGNED CUSTOMERS",5400,GB,64,40.62153846153846,British Telecommunications (International) 
"Q4: UNSECURED PROVIDER, UNSIGNED CUSTOMERS",7385,US,64,34.56825396825397,Zayo (fka Allstream)
"Q4: UNSECURED PROVIDER, UNSIGNED CUSTOMERS",11967,EE,64,34.699999999999996,Hop179 OU
"Q4: UNSECURED PROVIDER, UNSIGNED CUSTOMERS",306,US,63,0.0,United States Department of Defense (DoD)
"Q4: UNSECURED PROVIDER, UNSIGNED CUSTOMERS",15305,US,63,41.03174603174603,"Syringa Networks, LLC"
"Q4: UNSECURED PROVIDER, UNSIGNED CUSTOMERS",14868,BR,62,22.1875,Ligga Telecomunicações S.A.
"Q4: UNSECURED PROVIDER, UNSIGNED CUSTOMERS",36994,ZA,62,34.30714285714286,Vodacom
"Q4: UNSECURED PROVIDER, UNSIGNED CUSTOMERS",2687,US,62,25.830645161290324,"AT&T Enterprises, LLC"
"Q4: UNSECURED PROVIDER, UNSIGNED CUSTOMERS",6789,RU,62,32.479032258064514,CRELCOM LLC
"Q4: UNSECURED PROVIDER, UNSIGNED CUSTOMERS",266931,BR,62,48.986486486486484,NOVELL INTERNET
"Q4: UNSECURED PROVIDER, UNSIGNED CUSTOMERS",15994,HR,61,33.06065573770492,A1 Hrvatska d.o.o.
"Q4: UNSECURED PROVIDER, UNSIGNED CUSTOMERS",9848,KR,61,1.660655737704918,SEJONG NETWORKS
"Q4: UNSECURED PROVIDER, UNSIGNED CUSTOMERS",262740,BR,60,23.214285714285715,VELOO NET LTDA
"Q4: UNSECURED PROVIDER, UNSIGNED CUSTOMERS",4515,HK,59,30.61967213114754,PCCW IMS Ltd (PCCW Business Internet Access)
"Q4: UNSECURED PROVIDER, UNSIGNED CUSTOMERS",719,FI,59,51.452542372881354,Elisa Oyj
"Q4: UNSECURED PROVIDER, UNSIGNED CUSTOMERS",19009,US,59,17.105084745762714,Everstream Solutions LLC
"Q4: UNSECURED PROVIDER, UNSIGNED CUSTOMERS",262847,BR,58,27.272727272727273,DBUG TELECOM LTDA
"Q4: UNSECURED PROVIDER, UNSIGNED CUSTOMERS",262191,CO,58,57.15555555555556,LIBERTY NETWORKS DE COLOMBIA S.A.S
"Q4: UNSECURED PROVIDER, UNSIGNED CUSTOMERS",25899,US,58,45.98833333333334,LS Networks
"Q4: UNSECURED PROVIDER, UNSIGNED CUSTOMERS",600,US,57,1.4614035087719297,OARnet
"Q4: UNSECURED PROVIDER, UNSIGNED CUSTOMERS",2860,PT,57,54.22456140350877,"NOS COMUNICACOES, S.A."
"Q4: UNSECURED PROVIDER, UNSIGNED CUSTOMERS",43727,RU,57,45.25555555555555,JSC KVANT-TELEKOM
"Q4: UNSECURED PROVIDER, UNSIGNED CUSTOMERS",7459,US,57,20.726315789473684,Astound (fka. Grande)
"Q4: UNSECURED PROVIDER, UNSIGNED CUSTOMERS",5713,ZA,56,40.08163265306123,Telkom SA Ltd.
"Q4: UNSECURED PROVIDER, UNSIGNED CUSTOMERS",28173,BR,56,53.715,Dinamica Telecomunicacoes Ltda
"Q4: UNSECURED PROVIDER, UNSIGNED CUSTOMERS",5391,HR,56,55.357142857142854,Hrvatski Telekom d.d.
"Q4: UNSECURED PROVIDER, UNSIGNED CUSTOMERS",34309,DE,55,54.65,Link11 GmbH
"Q4: UNSECURED PROVIDER, UNSIGNED CUSTOMERS",12695,RU,54,31.262962962962963,LLC Digital Network
"Q4: UNSECURED PROVIDER, UNSIGNED CUSTOMERS",54113,US,54,49.62923076923077,"Fastly, Inc."
"Q4: UNSECURED PROVIDER, UNSIGNED CUSTOMERS",27552,US,54,47.93541666666667,"TowardEX Technologies International, Inc."
"Q4: UNSECURED PROVIDER, UNSIGNED CUSTOMERS",3204,EE,53,32.0,xTom OU
"Q4: UNSECURED PROVIDER, UNSIGNED CUSTOMERS",22677,US,53,25.647169811320754,Charter Communications LLC
"Q4: UNSECURED PROVIDER, UNSIGNED CUSTOMERS",31042,RS,53,48.148148148148145,Yettel d.o.o.
"Q4: UNSECURED PROVIDER, UNSIGNED CUSTOMERS",8437,AT,53,36.75208333333333,Hutchison Drei Austria GmbH
"Q4: UNSECURED PROVIDER, UNSIGNED CUSTOMERS",197068,RU,52,50.034615384615385,High Load Lab (Qrator)
"Q4: UNSECURED PROVIDER, UNSIGNED CUSTOMERS",28761,RU,52,46.50192307692308,CrimeaCom South LLC
"Q4: UNSECURED PROVIDER, UNSIGNED CUSTOMERS",49063,RU,52,31.713461538461537,Data Storage Center JSC
"Q4: UNSECURED PROVIDER, UNSIGNED CUSTOMERS",5578,SK,52,53.13846153846154,"SWAN, a.s."
"Q4: UNSECURED PROVIDER, UNSIGNED CUSTOMERS",47272,US,52,27.884615384615383,HYEHOST LLC
"Q4: UNSECURED PROVIDER, UNSIGNED CUSTOMERS",6697,BY,51,41.450943396226414,Beltelecom
"Q4: UNSECURED PROVIDER, UNSIGNED CUSTOMERS",16086,FI,51,58.25294117647059,DNA Oyj
"Q4: UNSECURED PROVIDER, UNSIGNED CUSTOMERS",46450,US,50,43.84772727272727,"Pilot Fiber, Inc."
"Q4: UNSECURED PROVIDER, UNSIGNED CUSTOMERS",6181,US,50,32.608000000000004,Cincinnati Bell Telephone Company LLC
"Q4: UNSECURED PROVIDER, UNSIGNED CUSTOMERS",25180,GB,50,34.666,Exponential-E Ltd.
"Q4: UNSECURED PROVIDER, UNSIGNED CUSTOMERS",11232,US,50,55.666000000000004,Midcontinent Communications
"Q4: UNSECURED PROVIDER, UNSIGNED CUSTOMERS",53180,BR,50,37.80487804878049,INFORTEL COMUNICACOES LTDA
"Q4: UNSECURED PROVIDER, UNSIGNED CUSTOMERS",13807,US,50,30.246000000000002,Great Plains Communications LLC
"Q4: UNSECURED PROVIDER, UNSIGNED CUSTOMERS",9381,HK,49,34.64468085106383,HKBN Enterprise Solutions HK Limited
"Q4: UNSECURED PROVIDER, UNSIGNED CUSTOMERS",13977,US,49,28.285714285714285,Fidium
"Q4: UNSECURED PROVIDER, UNSIGNED CUSTOMERS",7342,US,48,16.584313725490194,VeriSign Infrastructure & Operations
"Q4: UNSECURED PROVIDER, UNSIGNED CUSTOMERS",262999,BR,47,44.72708333333333,IVI TECNOLOGIA E COMUNICAÇÃO LTDA
"Q4: UNSECURED PROVIDER, UNSIGNED CUSTOMERS",52871,BR,47,44.61875,TASCOM TELECOMUNICAÇÕES LTDA
"Q4: UNSECURED PROVIDER, UNSIGNED CUSTOMERS",6849,UA,47,46.47708333333333,"JSC ""Ukrtelecom"""
"Q4: UNSECURED PROVIDER, UNSIGNED CUSTOMERS",4648,NZ,46,41.858695652173914,Spark New Zealand
"Q4: UNSECURED PROVIDER, UNSIGNED CUSTOMERS",34772,MK,45,45.184444444444445,NEOTEL AD Skopje
"Q4: UNSECURED PROVIDER, UNSIGNED CUSTOMERS",50606,PL,45,50.888888888888886,Horyzont Technologie Internetowe sp.z.o.o.
"Q4: UNSECURED PROVIDER, UNSIGNED CUSTOMERS",29465,NG,45,32.15681818181818,MTN NIGERIA Communication limited
"Q4: UNSECURED PROVIDER, UNSIGNED CUSTOMERS",11260,CA,44,58.99069767441861,EastLink
"Q4: UNSECURED PROVIDER, UNSIGNED CUSTOMERS",4922,US,44,32.80909090909091,Shenandoah Cable Television LLC
"Q4: UNSECURED PROVIDER, UNSIGNED CUSTOMERS",63473,US,44,48.86363636363637,"HostHatch, LLC"
"Q4: UNSECURED PROVIDER, UNSIGNED CUSTOMERS",25227,RU,43,38.98809523809524,JSC Avantel
"Q4: UNSECURED PROVIDER, UNSIGNED CUSTOMERS",4812,CN,43,57.097727272727276,China Telecom Shanghai Province Network
"Q4: UNSECURED PROVIDER, UNSIGNED CUSTOMERS",4181,US,43,34.252272727272725,TDS TELECOM
"Q4: UNSECURED PROVIDER, UNSIGNED CUSTOMERS",6325,US,43,42.48604651162791,Illinois Century Network
"Q4: UNSECURED PROVIDER, UNSIGNED CUSTOMERS",33154,US,43,28.00930232558139,DQE Communications LLC
"Q4: UNSECURED PROVIDER, UNSIGNED CUSTOMERS",16713,US,43,38.009302325581395,Northwest Open Access Network
"Q4: UNSECURED PROVIDER, UNSIGNED CUSTOMERS",9457,KR,42,4.2953488372093025,DREAMLINE CO.
"Q4: UNSECURED PROVIDER, UNSIGNED CUSTOMERS",12083,US,42,36.38139534883721,WideOpenWest Finance LLC
"Q4: UNSECURED PROVIDER, UNSIGNED CUSTOMERS",9145,DE,42,55.26792452830188,EWE TEL GmbH
"Q4: UNSECURED PROVIDER, UNSIGNED CUSTOMERS",12406,BY,42,41.078571428571436,Business Network Ltd
"Q4: UNSECURED PROVIDER, UNSIGNED CUSTOMERS",3816,CO,42,53.99111111111112,COLOMBIA TELECOMUNICACIONES S.A. ESP BIC
"Q4: UNSECURED PROVIDER, UNSIGNED CUSTOMERS",266409,BR,41,40.476190476190474,SECW TELECOM
"Q4: UNSECURED PROVIDER, UNSIGNED CUSTOMERS",8595,RU,41,23.307317073170733,OOO WestCall Ltd.
"Q4: UNSECURED PROVIDER, UNSIGNED CUSTOMERS",3561,US,40,18.195121951219512,Lumen (ex. Savvis)
"Q4: UNSECURED PROVIDER, UNSIGNED CUSTOMERS",12042,US,40,25.555,Fidium
"Q4: UNSECURED PROVIDER, UNSIGNED CUSTOMERS",21413,DE,40,42.712820512820514,Envia Tel GmbH
"Q4: UNSECURED PROVIDER, UNSIGNED CUSTOMERS",264288,BR,40,40.0,GNET PROVEDOR
"Q4: UNSECURED PROVIDER, UNSIGNED CUSTOMERS",9425,CN,40,0.0,Future Internet Technology Infrastructure (FITI)
"Q4: UNSECURED PROVIDER, UNSIGNED CUSTOMERS",19332,MX,40,46.3275,"Marcatel Com, S.A. de C.V."
"Q4: UNSECURED PROVIDER, UNSIGNED CUSTOMERS",6661,LU,40,57.02051282051283,POST Luxembourg
"Q4: UNSECURED PROVIDER, UNSIGNED CUSTOMERS",2200,FR,39,45.34615384615385,Renater
"Q4: UNSECURED PROVIDER, UNSIGNED CUSTOMERS",38272,CN,39,0.0,China Education and Research Network (CERNET)
"Q4: UNSECURED PROVIDER, UNSIGNED CUSTOMERS",12722,RU,39,26.558974358974357,RECONN LLC
"Q4: UNSECURED PROVIDER, UNSIGNED CUSTOMERS",52587,BR,39,38.03333333333333,iFibra Telecom
"Q4: UNSECURED PROVIDER, UNSIGNED CUSTOMERS",81,US,39,41.85128205128205,MCNC
"Q4: UNSECURED PROVIDER, UNSIGNED CUSTOMERS",266445,BR,38,45.09705882352941,SEA TELECOM LTDA
"Q4: UNSECURED PROVIDER, UNSIGNED CUSTOMERS",17072,MX,38,37.502500000000005,"TOTAL PLAY TELECOMUNICACIONES, S.A.P.I. DE C.V."
"Q4: UNSECURED PROVIDER, UNSIGNED CUSTOMERS",8283,NL,38,43.93939393939394,Netwerkvereniging Coloclue
"Q4: UNSECURED PROVIDER, UNSIGNED CUSTOMERS",13415,US,38,28.234210526315792,"FirstDigital Communications, LLC"
"Q4: UNSECURED PROVIDER, UNSIGNED CUSTOMERS",3112,US,38,2.38,OARnet
"Q4: UNSECURED PROVIDER, UNSIGNED CUSTOMERS",273478,BR,38,44.72173913043478,Sage Networks
"Q4: UNSECURED PROVIDER, UNSIGNED CUSTOMERS",10010,JP,38,50.80285714285714,TOKAI Communications Corporation
"Q4: UNSECURED PROVIDER, UNSIGNED CUSTOMERS",35179,PL,38,55.98684210526316,Korbank S. A.
"Q4: UNSECURED PROVIDER, UNSIGNED CUSTOMERS",53158,BR,37,42.361111111111114,Net Turbo Telecom
"Q4: UNSECURED PROVIDER, UNSIGNED CUSTOMERS",262494,BR,37,39.189189189189186,Virtex Telecom
"Q4: UNSECURED PROVIDER, UNSIGNED CUSTOMERS",327708,RW,37,30.404347826086955,Airtel Rwanda Ltd
"Q4: UNSECURED PROVIDER, UNSIGNED CUSTOMERS",8422,DE,37,40.435135135135134,NetCologne
"Q4: UNSECURED PROVIDER, UNSIGNED CUSTOMERS",25645,US,37,38.02432432432432,"Momentum Telecom, Inc."
"Q4: UNSECURED PROVIDER, UNSIGNED CUSTOMERS",23910,CN,37,17.267567567567568,China Next Generation Internet CERNET2
"Q4: UNSECURED PROVIDER, UNSIGNED CUSTOMERS",262532,BR,37,38.19444444444444,NET ONDA SERVICOS DE INTERNET LTDA
"Q4: UNSECURED PROVIDER, UNSIGNED CUSTOMERS",43668,UA,37,15.916216216216215,"""AS43668"" LLC"
"Q4: UNSECURED PROVIDER, UNSIGNED CUSTOMERS",11272,US,37,22.656756756756756,C Spire Fiber
"Q4: UNSECURED PROVIDER, UNSIGNED CUSTOMERS",40850,US,37,30.091666666666665,UPIX NETWORKS INTERNATIONAL LLC
"Q4: UNSECURED PROVIDER, UNSIGNED CUSTOMERS",25394,DE,36,42.30571428571428,MK Netzdienste Verwaltungs GmbH trading as MK Netzdienste GmbH & Co. KG
"Q4: UNSECURED PROVIDER, UNSIGNED CUSTOMERS",10490,US,36,34.972500000000004,Georgia Institute of Technology
"Q4: UNSECURED PROVIDER, UNSIGNED CUSTOMERS",31117,SK,36,46.18333333333333,ENERGOTEL a.s.
"Q4: UNSECURED PROVIDER, UNSIGNED CUSTOMERS",1916,BR,36,17.647058823529413,RNP - Rede Nacional de Ensino e Pesquisa
"Q4: UNSECURED PROVIDER, UNSIGNED CUSTOMERS",7720,US,36,27.77777777777778,Skywolf Technology LLC
"Q4: UNSECURED PROVIDER, UNSIGNED CUSTOMERS",263327,BR,36,32.972972972972975,ONLINE TELECOMUNICACOES LTDA
"Q4: UNSECURED PROVIDER, UNSIGNED CUSTOMERS",22974,US,36,24.46388888888889,Charter Communications LLC
"Q4: UNSECURED PROVIDER, UNSIGNED CUSTOMERS",17922,ID,36,56.6025641025641,PT Indosat Tbk
"Q4: UNSECURED PROVIDER, UNSIGNED CUSTOMERS",21559,PR,36,27.037837837837838,OSNET
"Q4: UNSECURED PROVIDER, UNSIGNED CUSTOMERS",50581,UA,35,44.08571428571429,Ukrainian Telecommunication Group LLC
"Q4: UNSECURED PROVIDER, UNSIGNED CUSTOMERS",28202,BR,35,32.38214285714286,Master Internet
"Q4: UNSECURED PROVIDER, UNSIGNED CUSTOMERS",11492,US,35,26.737142857142857,"CABLE ONE, INC."
"Q4: UNSECURED PROVIDER, UNSIGNED CUSTOMERS",13329,US,35,46.068571428571424,"Kansas Fiber Network, LLC"
"Q4: UNSECURED PROVIDER, UNSIGNED CUSTOMERS",29695,NO,35,47.35142857142858,Lyse Tele AS
"Q4: UNSECURED PROVIDER, UNSIGNED CUSTOMERS",19754,US,35,30.722500000000004,"The Fusion Network, LLC"
"Q4: UNSECURED PROVIDER, UNSIGNED CUSTOMERS",293,US,35,41.074285714285715,ESnet
"Q4: UNSECURED PROVIDER, UNSIGNED CUSTOMERS",30036,US,35,22.857142857142858,Mediacom Communications Corp
"Q4: UNSECURED PROVIDER, UNSIGNED CUSTOMERS",263629,BR,35,59.028125,VIBRA ARTEFATOS LTDA
"Q4: UNSECURED PROVIDER, UNSIGNED CUSTOMERS",37061,KE,34,5.461764705882352,Safaricom Limited
"Q4: UNSECURED PROVIDER, UNSIGNED CUSTOMERS",37084,TZ,34,22.580645161290324,Simbanet (T) Limited
"Q4: UNSECURED PROVIDER, UNSIGNED CUSTOMERS",52840,BR,34,51.724137931034484,UFINET BRASIL S.A.
"Q4: UNSECURED PROVIDER, UNSIGNED CUSTOMERS",9905,ID,33,43.8575,PT Link Net Tbk
"Q4: UNSECURED PROVIDER, UNSIGNED CUSTOMERS",5488,BE,33,39.39393939393939,Proximus NV
"Q4: UNSECURED PROVIDER, UNSIGNED CUSTOMERS",263073,BR,33,27.272727272727273,DTEL TELECOM
"Q4: UNSECURED PROVIDER, UNSIGNED CUSTOMERS",12213,US,33,28.099999999999998,Centersquare
"Q4: UNSECURED PROVIDER, UNSIGNED CUSTOMERS",28158,BR,33,50.96774193548387,Ampernet Telecomunicações Ltda
"Q4: UNSECURED PROVIDER, UNSIGNED CUSTOMERS",327782,ZA,33,56.7048951048951,Metrofibre Networx
"Q4: UNSECURED PROVIDER, UNSIGNED CUSTOMERS",17054,US,33,24.948484848484846,Expedient
"Q4: UNSECURED PROVIDER, UNSIGNED CUSTOMERS",7782,US,33,17.94242424242424,"Alaska Communications Systems Group, Inc."
"Q4: UNSECURED PROVIDER, UNSIGNED CUSTOMERS",4538,CN,32,33.60625,China Education and Research Network Center
"Q4: UNSECURED PROVIDER, UNSIGNED CUSTOMERS",11758,US,32,38.989999999999995,IRIS Networks
"Q4: UNSECURED PROVIDER, UNSIGNED CUSTOMERS",21050,KW,32,42.5125,Fast Communication Company Ltd
"Q4: UNSECURED PROVIDER, UNSIGNED CUSTOMERS",8470,RU,32,27.884375,JSC Macomnet
"Q4: UNSECURED PROVIDER, UNSIGNED CUSTOMERS",38022,NZ,32,38.615625,REANNZ National Research and Education Network
"Q4: UNSECURED PROVIDER, UNSIGNED CUSTOMERS",264293,BR,32,41.964285714285715,Smart Solucoes em Telecomunicacoes
"Q4: UNSECURED PROVIDER, UNSIGNED CUSTOMERS",5384,AE,32,47.25625,EMIRATES TELECOMMUNICATIONS GROUP COMPANY (ETISALAT GROUP) PJSC
"Q4: UNSECURED PROVIDER, UNSIGNED CUSTOMERS",3327,NL,32,57.69230769230769,CITIC Telecom CPC Netherlands B.V.
"Q4: UNSECURED PROVIDER, UNSIGNED CUSTOMERS",10310,US,31,0.0,Yahoo Holdings Inc.
"Q4: UNSECURED PROVIDER, UNSIGNED CUSTOMERS",38757,ID,31,41.39677419354839,PT Indonesia Comnets Plus
"Q4: UNSECURED PROVIDER, UNSIGNED CUSTOMERS",1241,GR,31,47.619354838709675,Nova Telecommunications & Media Single Member S.A
"Q4: UNSECURED PROVIDER, UNSIGNED CUSTOMERS",266525,BR,31,44.965625,Eurocorp Vialux Internet Eireli
"Q4: UNSECURED PROVIDER, UNSIGNED CUSTOMERS",13789,US,31,7.546875,Unitas Global
"Q4: UNSECURED PROVIDER, UNSIGNED CUSTOMERS",23404,US,31,25.42413793103448,Ritter Communications
"Q4: UNSECURED PROVIDER, UNSIGNED CUSTOMERS",8374,PL,31,38.70967741935484,Polkomtel Sp. z o.o.
"Q4: UNSECURED PROVIDER, UNSIGNED CUSTOMERS",3737,US,31,48.928125,PenTeleData Inc.
"Q4: UNSECURED PROVIDER, UNSIGNED CUSTOMERS",269595,BR,31,48.958333333333336,VGRNET INFORMATICA LTDA
"Q4: UNSECURED PROVIDER, UNSIGNED CUSTOMERS",13110,PL,30,43.333333333333336,INEA sp. z o.o.
"Q4: UNSECURED PROVIDER, UNSIGNED CUSTOMERS",237,US,30,55.419999999999995,Merit Network Inc.
"Q4: UNSECURED PROVIDER, UNSIGNED CUSTOMERS",34718,UZ,30,48.86333333333334,"""IST TELEKOM"" JV LLC"
"Q4: UNSECURED PROVIDER, UNSIGNED CUSTOMERS",263269,BR,30,45.3448275862069,RAGTEK TECNOLOGIA
"Q4: UNSECURED PROVIDER, UNSIGNED CUSTOMERS",14265,US,30,3.3333333333333335,TPx Communications
"Q4: UNSECURED PROVIDER, UNSIGNED CUSTOMERS",266181,BR,30,29.032258064516128,GOLDEN LINK
"Q4: UNSECURED PROVIDER, UNSIGNED CUSTOMERS",10242,US,30,44.455555555555556,US Internet Corp
"Q4: UNSECURED PROVIDER, UNSIGNED CUSTOMERS",21473,DE,29,45.332,PFALZKOM GmbH
"Q4: UNSECURED PROVIDER, UNSIGNED CUSTOMERS",50309,BE,29,49.46206896551725,Arcadiz Telecom NV
"Q4: UNSECURED PROVIDER, UNSIGNED CUSTOMERS",273683,BR,29,52.38,ALLREDE TELECOM LTDA
"Q4: UNSECURED PROVIDER, UNSIGNED CUSTOMERS",44735,IS,29,59.76896551724138,Nova hf
"Q4: UNSECURED PROVIDER, UNSIGNED CUSTOMERS",15958,RS,29,51.90344827586206,CETIN Ltd. Belgrade
"Q4: UNSECURED PROVIDER, UNSIGNED CUSTOMERS",265061,BR,29,48.0,GC NET
"Q4: UNSECURED PROVIDER, UNSIGNED CUSTOMERS",327693,ZA,29,42.10526315789474,Echotel Pty Ltd
"Q4: UNSECURED PROVIDER, UNSIGNED CUSTOMERS",27066,US,29,0.0,United States Department of Defense (DoD)
"Q4: UNSECURED PROVIDER, UNSIGNED CUSTOMERS",25019,SA,29,44.13793103448276,Saudi Telecom Company JSC
"Q4: UNSECURED PROVIDER, UNSIGNED CUSTOMERS",8492,RU,29,39.6551724137931,"""OBIT"" Ltd."
"Q4: UNSECURED PROVIDER, UNSIGNED CUSTOMERS",263558,BR,29,37.93103448275862,Grupo Jet
"Q4: UNSECURED PROVIDER, UNSIGNED CUSTOMERS",61745,BR,29,54.88620689655173,NBS Telecom
"Q4: UNSECURED PROVIDER, UNSIGNED CUSTOMERS",16097,DE,29,57.407407407407405,HL komm Telekommunikations GmbH
"Q4: UNSECURED PROVIDER, UNSIGNED CUSTOMERS",52974,BR,28,56.35925925925926,Henet Telecomunicacoes Ltda
"Q4: UNSECURED PROVIDER, UNSIGNED CUSTOMERS",29314,PL,28,50.0,VECTRA S.A.
"Q4: UNSECURED PROVIDER, UNSIGNED CUSTOMERS",13999,MX,28,42.77241379310345,"Mega Cable, S.A. de C.V."
"Q4: UNSECURED PROVIDER, UNSIGNED CUSTOMERS",23352,US,28,41.34444444444445,DEFT.COM
"Q4: UNSECURED PROVIDER, UNSIGNED CUSTOMERS",16905,US,28,40.0,LEARN
"Q4: UNSECURED PROVIDER, UNSIGNED CUSTOMERS",53065,BR,27,33.333333333333336,Opcao Telecom
"Q4: UNSECURED PROVIDER, UNSIGNED CUSTOMERS",855,CA,27,44.681481481481484,Bell Canada
"Q4: UNSECURED PROVIDER, UNSIGNED CUSTOMERS",12831,PL,27,32.0,"Technical University of Gdansk, Academic Computer Center TASK"
"Q4: UNSECURED PROVIDER, UNSIGNED CUSTOMERS",2381,US,27,37.50714285714286,WiscNet
"Q4: UNSECURED PROVIDER, UNSIGNED CUSTOMERS",265482,BR,27,45.0,NET EXPRESS BRASIL LTDA - ME
"Q4: UNSECURED PROVIDER, UNSIGNED CUSTOMERS",55140,US,27,37.574074074074076,"Sho Me Technologies, LLC"
"Q4: UNSECURED PROVIDER, UNSIGNED CUSTOMERS",9063,DE,26,53.75384615384615,VSE NET GmbH
"Q4: UNSECURED PROVIDER, UNSIGNED CUSTOMERS",20119,CA,26,49.2,ARROW DATACENTERS INC
"Q4: UNSECURED PROVIDER, UNSIGNED CUSTOMERS",36873,NG,26,34.24615384615385,Airtel Networks Limited
"Q4: UNSECURED PROVIDER, UNSIGNED CUSTOMERS",36149,US,26,14.315384615384614,"Hawaiian Telcom Services Company, Inc."
"Q4: UNSECURED PROVIDER, UNSIGNED CUSTOMERS",30722,IT,26,28.8,Fastweb SpA
"Q4: UNSECURED PROVIDER, UNSIGNED CUSTOMERS",29909,CA,26,34.176923076923075,Metro Optic
"Q4: UNSECURED PROVIDER, UNSIGNED CUSTOMERS",8985,RU,26,52.81153846153846,"Join-stock company ""Internet Exchange""MSK-IX"""
"Q4: UNSECURED PROVIDER, UNSIGNED CUSTOMERS",16347,FR,26,54.79230769230769,ADISTA SAS
"Q4: UNSECURED PROVIDER, UNSIGNED CUSTOMERS",10430,US,26,59.61538461538461,Washington State K-20 Telecommunications Network
"Q4: UNSECURED PROVIDER, UNSIGNED CUSTOMERS",10835,US,26,56.51923076923077,Visionary Communications LLC
"Q4: UNSECURED PROVIDER, UNSIGNED CUSTOMERS",51465,PL,26,45.916000000000004,M3.NET Sp. z o.o. / Fixmap Group
"Q4: UNSECURED PROVIDER, UNSIGNED CUSTOMERS",48858,RU,26,38.05769230769231,"JSC ""ER-Telecom Holding"""
"Q4: UNSECURED PROVIDER, UNSIGNED CUSTOMERS",10834,AR,25,59.1675,Telefonica de Argentina
"Q4: UNSECURED PROVIDER, UNSIGNED CUSTOMERS",9255,SG,25,11.764705882352942,Singapore Telecom
"Q4: UNSECURED PROVIDER, UNSIGNED CUSTOMERS",21320,NL,25,53.856,GEANT Vereniging
"Q4: UNSECURED PROVIDER, UNSIGNED CUSTOMERS",26744,US,25,35.816,"Planters Communications, LLC"
"Q4: UNSECURED PROVIDER, UNSIGNED CUSTOMERS",41039,RU,25,51.0,"Timer, LLC"
"Q4: UNSECURED PROVIDER, UNSIGNED CUSTOMERS",139883,SG,25,20.232,SPTEL PTE. LTD.
"Q4: UNSECURED PROVIDER, UNSIGNED CUSTOMERS",8047,US,25,15.968,"GENERAL COMMUNICATION, INC."
"Q4: UNSECURED PROVIDER, UNSIGNED CUSTOMERS",803,CA,25,56.23333333333333,Saskatchewan Telecommunications
"Q4: UNSECURED PROVIDER, UNSIGNED CUSTOMERS",265442,BR,25,55.2,VISUAL LINK COMUNICACOES MULTIMIDIA LTDA - ME
"Q4: UNSECURED PROVIDER, UNSIGNED CUSTOMERS",262253,PE,25,56.472,Fiberlux
"Q4: UNSECURED PROVIDER, UNSIGNED CUSTOMERS",12337,DE,25,52.8,noris network AG
"Q4: UNSECURED PROVIDER, UNSIGNED CUSTOMERS",15525,PT,25,34.0,MEO - SERVICOS DE COMUNICACOES E MULTIMEDIA S.A.
"Q4: UNSECURED PROVIDER, UNSIGNED CUSTOMERS",61678,BR,25,48.0,NETWAY INFORMATICA LTDA
"Q4: UNSECURED PROVIDER, UNSIGNED CUSTOMERS",29670,DE,24,50.0,"Individual Network Berlin (""IN-Berlin"") e.V."
"Q4: UNSECURED PROVIDER, UNSIGNED CUSTOMERS",9038,JO,24,33.333333333333336,Al Bahrainia al Urdunia Liltaknia Wa Alitisalat Plc. Co
"Q4: UNSECURED PROVIDER, UNSIGNED CUSTOMERS",263998,BR,24,45.908,SIM FIBRA
"Q4: UNSECURED PROVIDER, UNSIGNED CUSTOMERS",28649,BR,24,28.125,Desktop Sigmanet Comunicação Multimídia SA
"Q4: UNSECURED PROVIDER, UNSIGNED CUSTOMERS",25956,US,24,25.27916666666667,Logix
"Q4: UNSECURED PROVIDER, UNSIGNED CUSTOMERS",265144,BR,24,39.04761904761905,MCD INFORMATICA E TELECOMUNICACOES LTDA - ME
"Q4: UNSECURED PROVIDER, UNSIGNED CUSTOMERS",18450,US,24,58.25,"WebNX, Inc."
"Q4: UNSECURED PROVIDER, UNSIGNED CUSTOMERS",7311,CA,24,43.625,Frontier Networks Inc
"Q4: UNSECURED PROVIDER, UNSIGNED CUSTOMERS",23201,PY,24,50.0,TIGO Paraguay
"Q4: UNSECURED PROVIDER, UNSIGNED CUSTOMERS",15108,US,24,25.0,Allo Communications LLC
"Q4: UNSECURED PROVIDER, UNSIGNED CUSTOMERS",24637,DE,24,9.029166666666667,WEBDISCOUNT GmbH & Co. KG
"Q4: UNSECURED PROVIDER, UNSIGNED CUSTOMERS",26827,US,24,20.866666666666667,EPB Fiber Optics
"Q4: UNSECURED PROVIDER, UNSIGNED CUSTOMERS",21299,KZ,23,42.80869565217392,Kar-Tel LLC
"Q4: UNSECURED PROVIDER, UNSIGNED CUSTOMERS",13489,CO,23,47.22083333333333,EPM Telecomunicaciones S.A. E.S.P.
"Q4: UNSECURED PROVIDER, UNSIGNED CUSTOMERS",22742,US,23,30.47826086956522,Connecticut Education Network
"Q4: UNSECURED PROVIDER, UNSIGNED CUSTOMERS",57681,RU,23,18.94090909090909,PJSC Moscow city telephone network
"Q4: UNSECURED PROVIDER, UNSIGNED CUSTOMERS",42781,KW,23,44.926086956521736,Zajil International Telecom Company KSCC
"Q4: UNSECURED PROVIDER, UNSIGNED CUSTOMERS",396926,US,23,13.043478260869565,C Spire Fiber
"Q4: UNSECURED PROVIDER, UNSIGNED CUSTOMERS",30029,US,23,35.50869565217391,"Dobson Technologies - Transport and Telecom Solutions, LLC"
"Q4: UNSECURED PROVIDER, UNSIGNED CUSTOMERS",29518,SE,23,59.94500000000001,Bredband2 AB
"Q4: UNSECURED PROVIDER, UNSIGNED CUSTOMERS",1887,PL,23,50.0,NAUKOWA I AKADEMICKA SIEC KOMPUTEROWA - PANSTWOWY INSTYTUT BADAWCZY
"Q4: UNSECURED PROVIDER, UNSIGNED CUSTOMERS",19752,CA,23,18.208695652173912,Hydro One Telecom Inc.
"Q4: UNSECURED PROVIDER, UNSIGNED CUSTOMERS",6300,US,23,32.80869565217392,Fidium
"Q4: UNSECURED PROVIDER, UNSIGNED CUSTOMERS",60330,BY,23,42.88695652173913,Belarusian Cloud Technologies LLC
"Q4: UNSECURED PROVIDER, UNSIGNED CUSTOMERS",6677,IS,23,58.62068965517241,Míla hf
"Q4: UNSECURED PROVIDER, UNSIGNED CUSTOMERS",20141,US,22,5.054545454545455,"Quality Technology Services, LLC"
"Q4: UNSECURED PROVIDER, UNSIGNED CUSTOMERS",52928,BR,22,35.22727272727273,Nortetel Telecomunicações LTDA
"Q4: UNSECURED PROVIDER, UNSIGNED CUSTOMERS",136907,HK,22,47.94193548387097,Huawei Cloud
"Q4: UNSECURED PROVIDER, UNSIGNED CUSTOMERS",6922,US,22,15.490909090909092,Texas Department of Information Resources
"Q4: UNSECURED PROVIDER, UNSIGNED CUSTOMERS",61758,BR,22,25.665,TOP NET SERVIÇOS LTDA
"Q4: UNSECURED PROVIDER, UNSIGNED CUSTOMERS",267587,BR,22,36.95652173913044,VEL FIBRA
"Q4: UNSECURED PROVIDER, UNSIGNED CUSTOMERS",7992,CA,22,34.622727272727275,Cogeco Connexion Inc.
"Q4: UNSECURED PROVIDER, UNSIGNED CUSTOMERS",264144,BR,22,14.285714285714286,ASAP GLOBAL TELECOM
"Q4: UNSECURED PROVIDER, UNSIGNED CUSTOMERS",786,GB,22,29.681818181818183,Jisc Services Limited
"Q4: UNSECURED PROVIDER, UNSIGNED CUSTOMERS",13150,IL,22,45.52,CATO NETWORKS LTD
"Q4: UNSECURED PROVIDER, UNSIGNED CUSTOMERS",264562,BR,22,42.1875,Texnet
"Q4: UNSECURED PROVIDER, UNSIGNED CUSTOMERS",264984,BR,22,48.958333333333336,CLICKIP PROVEDORES DE ACESSO LTDA
"Q4: UNSECURED PROVIDER, UNSIGNED CUSTOMERS",11776,US,22,24.027272727272727,Breezeline
"Q4: UNSECURED PROVIDER, UNSIGNED CUSTOMERS",262725,BR,22,35.97826086956522,CONECT
"Q4: UNSECURED PROVIDER, UNSIGNED CUSTOMERS",49808,AT,21,57.10952380952381,Energie AG Oberoesterreich Services und Digital Solutions GmbH
"Q4: UNSECURED PROVIDER, UNSIGNED CUSTOMERS",23314,US,21,5.0,Summit Broadband
"Q4: UNSECURED PROVIDER, UNSIGNED CUSTOMERS",27065,US,21,0.0,United States Department of Defense (DoD)
"Q4: UNSECURED PROVIDER, UNSIGNED CUSTOMERS",9340,ID,21,49.661904761904765,PT Indointernet Tbk
"Q4: UNSECURED PROVIDER, UNSIGNED CUSTOMERS",265290,BR,21,36.36363636363637,Uplink Telecom
"Q4: UNSECURED PROVIDER, UNSIGNED CUSTOMERS",23838,NZ,21,47.523809523809526,Solarix Networks Limited
"Q4: UNSECURED PROVIDER, UNSIGNED CUSTOMERS",47626,RU,21,21.827777777777776,"Timer, LLC"
"Q4: UNSECURED PROVIDER, UNSIGNED CUSTOMERS",41998,DE,21,53.480952380952374,NetCom BW GmbH
"Q4: UNSECURED PROVIDER, UNSIGNED CUSTOMERS",15695,NL,21,41.457142857142856,Expereo International BV
"Q4: UNSECURED PROVIDER, UNSIGNED CUSTOMERS",20294,UG,21,32.3,MTN Uganda
"Q4: UNSECURED PROVIDER, UNSIGNED CUSTOMERS",29405,SK,21,47.61904761904762,VNET a.s.
"Q4: UNSECURED PROVIDER, UNSIGNED CUSTOMERS",29614,GH,21,19.047619047619047,TELECEL GHANA AS INTERNATIONAL TRANSIT
"Q4: UNSECURED PROVIDER, UNSIGNED CUSTOMERS",45250,TW,21,56.122727272727275,Vocom International Telecommunications AP Area
"Q4: UNSECURED PROVIDER, UNSIGNED CUSTOMERS",4618,TH,21,58.75454545454545,Internet Thailand Company Limited
"Q4: UNSECURED PROVIDER, UNSIGNED CUSTOMERS",12703,GB,21,21.904761904761905,Pulsant (Scotland) Ltd
"Q4: UNSECURED PROVIDER, UNSIGNED CUSTOMERS",44684,GB,21,56.52173913043478,Mythic Beasts Ltd
"Q4: UNSECURED PROVIDER, UNSIGNED CUSTOMERS",39153,RU,21,18.42105263157895,"JOINT-STOCK COMPANY ""TELEPORT TELECOM"""
"Q4: UNSECURED PROVIDER, UNSIGNED CUSTOMERS",8001,US,21,33.08571428571429,"Cologix, Inc"
"Q4: UNSECURED PROVIDER, UNSIGNED CUSTOMERS",21738,US,21,52.5,Rozint
"Q4: UNSECURED PROVIDER, UNSIGNED CUSTOMERS",12200,US,21,7.70952380952381,Rackspace Hosting
"Q4: UNSECURED PROVIDER, UNSIGNED CUSTOMERS",27693,BR,21,25.0,NipBr - NipCable do Brasil Telecom LTDA
"Q4: UNSECURED PROVIDER, UNSIGNED CUSTOMERS",327992,GH,21,0.0,Ghanaian Academic and Research Network
"Q4: UNSECURED PROVIDER, UNSIGNED CUSTOMERS",34867,UA,21,52.38095238095238,Cosmonova LLC
"Q4: UNSECURED PROVIDER, UNSIGNED CUSTOMERS",38040,TH,20,54.25,TOT Public Company Limited
"Q4: UNSECURED PROVIDER, UNSIGNED CUSTOMERS",5580,NL,20,28.689473684210526,GTT Communications (APAC)
"Q4: UNSECURED PROVIDER, UNSIGNED CUSTOMERS",25549,RU,20,17.5,JSC Avantel
"Q4: UNSECURED PROVIDER, UNSIGNED CUSTOMERS",7381,US,20,2.5,"BroadbandONE, LLC"
"Q4: UNSECURED PROVIDER, UNSIGNED CUSTOMERS",8368,BE,20,50.0,Dstny BE N.V.
"Q4: UNSECURED PROVIDER, UNSIGNED CUSTOMERS",270340,BR,20,43.75,NETCOM TELECOMUNICAÇÕES LTDA
"Q4: UNSECURED PROVIDER, UNSIGNED CUSTOMERS",21021,PL,20,36.82105263157895,Multimedia Polska Sp. z o.o.
"Q4: UNSECURED PROVIDER, UNSIGNED CUSTOMERS",20860,GB,20,45.185,IOMART CLOUD SERVICES LIMITED
"Q4: UNSECURED PROVIDER, UNSIGNED CUSTOMERS",197453,RU,20,55.0,Biz Telecom LLC
"Q4: UNSECURED PROVIDER, UNSIGNED CUSTOMERS",2734,US,20,19.145,CoreSite
"Q4: UNSECURED PROVIDER, UNSIGNED CUSTOMERS",51964,US,20,40.78947368421053,ORANGE BUSINESS SERVICES U.S. Inc.
"Q4: UNSECURED PROVIDER, UNSIGNED CUSTOMERS",6208,PR,20,37.72105263157895,FiberX
"Q4: UNSECURED PROVIDER, UNSIGNED CUSTOMERS",53102,BR,20,42.78,Sitel Telecomunicacoes
